#!ascii label, resampled from fsaverage7 to fsaverage6
2623
1 -16.172853 -66.894669 59.408226 1.000000
69 -7.308177 -73.346390 46.686371 1.000000
72 -8.856436 -55.365700 59.898731 1.000000
97 -40.130981 -34.496826 35.599396 1.000000
98 -57.549095 -33.880585 40.272804 1.000000
99 -50.092396 -23.634319 37.382965 1.000000
101 -20.311905 -51.686321 58.429718 1.000000
103 -32.235188 -47.263363 57.839130 1.000000
104 -31.200689 -40.530090 44.305916 1.000000
127 -51.676830 -40.730495 30.251413 1.000000
134 -27.658630 -64.756561 37.292030 1.000000
189 -10.105564 -70.513664 53.312126 1.000000
191 -15.866455 -66.490555 48.384842 1.000000
192 -13.757286 -60.265766 59.601982 1.000000
193 -9.688066 -63.281952 54.813244 1.000000
221 -43.991047 -28.005283 34.189388 1.000000
228 -27.381653 -48.520924 61.689575 1.000000
231 -36.257381 -36.559959 53.889038 1.000000
232 -37.944324 -33.640526 46.370502 1.000000
233 -33.239315 -36.451477 37.339027 1.000000
277 -60.345863 -30.098560 32.999287 1.000000
278 -57.420738 -37.517830 34.923164 1.000000
279 -61.425587 -32.846123 26.295315 1.000000
418 -7.659747 -49.518688 59.290733 1.000000
420 -7.102273 -55.045288 52.908783 1.000000
421 -7.679173 -63.131966 47.050625 1.000000
464 -53.759815 -41.474804 46.229507 1.000000
465 -48.949139 -36.219215 39.554482 1.000000
466 -52.162304 -30.024479 34.281250 1.000000
473 -20.204060 -58.690346 62.978241 1.000000
474 -21.233517 -62.815643 56.384399 1.000000
475 -27.115650 -57.112160 62.796364 1.000000
476 -34.725502 -54.811348 58.763103 1.000000
477 -34.546368 -50.689156 52.075134 1.000000
479 -34.955658 -43.957443 52.469715 1.000000
481 -35.571602 -44.085255 37.685169 1.000000
482 -40.893154 -42.726650 38.568851 1.000000
491 -10.220310 -51.466789 68.683083 1.000000
492 -14.583806 -53.935616 62.017189 1.000000
541 -56.204132 -44.099831 38.301456 1.000000
544 -51.000572 -32.820808 24.021957 1.000000
560 -22.927795 -63.273060 48.965767 1.000000
669 -12.828890 -68.548500 56.646606 1.000000
670 -12.779951 -68.829781 49.778839 1.000000
671 -16.164619 -66.945854 53.960144 1.000000
672 -13.862906 -64.174110 61.295319 1.000000
673 -10.236567 -66.705994 59.454613 1.000000
713 -39.042755 -31.010773 44.629017 1.000000
757 -59.697803 -28.457113 29.369587 1.000000
758 -62.784447 -31.579809 30.096279 1.000000
759 -62.377094 -29.353378 26.087469 1.000000
936 -21.450527 -70.185013 32.602074 1.000000
937 -7.103030 -52.587994 60.817467 1.000000
938 -7.327174 -52.249947 56.326813 1.000000
939 -7.534099 -55.335133 56.473511 1.000000
940 -6.404222 -68.081528 51.902588 1.000000
942 -5.671294 -68.521927 47.783722 1.000000
1016 -46.740150 -38.789085 42.546490 1.000000
1018 -46.668854 -25.625134 35.324371 1.000000
1019 -47.709450 -29.544605 32.928112 1.000000
1020 -49.114525 -26.038319 32.429729 1.000000
1021 -52.989552 -27.667307 32.202965 1.000000
1038 -23.536434 -58.814972 64.335518 1.000000
1039 -24.684233 -54.841431 63.675465 1.000000
1040 -29.281195 -47.233101 60.547081 1.000000
1042 -35.604794 -50.444130 60.276051 1.000000
1043 -35.378696 -52.642334 56.143761 1.000000
1044 -37.460777 -49.622898 57.396313 1.000000
1048 -32.454048 -37.322216 48.507927 1.000000
1049 -32.329479 -39.869473 51.320629 1.000000
1050 -33.257553 -42.650528 48.320492 1.000000
1051 -36.730869 -46.162392 49.114594 1.000000
1052 -35.231823 -44.252522 45.552803 1.000000
1053 -34.117897 -45.343689 40.262978 1.000000
1054 -33.622078 -42.863106 42.264275 1.000000
1055 -36.627090 -34.981743 35.982159 1.000000
1056 -37.114513 -40.038269 37.374084 1.000000
1057 -40.471069 -39.227448 37.836609 1.000000
1078 -15.455725 -51.576195 65.765762 1.000000
1079 -16.655760 -52.659538 60.099068 1.000000
1080 -17.670261 -55.820946 59.554268 1.000000
1192 -55.718498 -37.121948 44.230877 1.000000
1193 -55.587738 -42.714577 43.253601 1.000000
1194 -57.148369 -38.507111 41.670376 1.000000
1195 -54.634369 -38.859001 32.575314 1.000000
1238 -22.862711 -63.812904 53.062126 1.000000
1249 -31.681864 -78.950607 36.133404 1.000000
1489 -42.458672 -50.345863 38.034954 1.000000
1493 -8.106346 -72.854103 51.014133 1.000000
1494 -10.791368 -75.913208 47.041218 1.000000
1495 -12.034372 -73.544640 48.946281 1.000000
1496 -15.308101 -70.683792 46.945854 1.000000
1498 -12.195344 -56.566872 58.376183 1.000000
1499 -11.470899 -57.013062 56.247772 1.000000
1500 -11.144216 -62.226013 57.740612 1.000000
1501 -7.569918 -67.939751 56.038849 1.000000
1546 -38.473953 -30.268589 36.899647 1.000000
1547 -41.856590 -31.082291 34.720154 1.000000
1548 -41.797325 -27.554529 38.010170 1.000000
1550 -49.838371 -25.106203 41.133671 1.000000
1560 -24.856035 -50.655964 59.899864 1.000000
1568 -32.602631 -35.945747 44.209763 1.000000
1569 -31.049276 -38.578167 40.370319 1.000000
1570 -33.976051 -33.927834 41.106087 1.000000
1571 -35.699928 -31.691061 38.979347 1.000000
1651 -59.667763 -31.935886 36.576027 1.000000
1652 -58.866554 -35.768436 38.011765 1.000000
1653 -60.941261 -33.823734 34.276436 1.000000
1654 -58.446045 -34.756691 30.987263 1.000000
1655 -54.950111 -36.149670 28.828959 1.000000
1926 -16.040844 -70.750076 33.990185 1.000000
1930 -15.723389 -76.821877 45.344761 1.000000
1937 -10.515821 -47.498001 52.845104 1.000000
1940 -8.285262 -54.626564 48.892586 1.000000
1941 -11.013939 -57.239716 53.460396 1.000000
1942 -11.947611 -57.753590 49.583786 1.000000
1943 -10.552162 -58.848320 45.409359 1.000000
2042 -51.272514 -45.262348 45.702751 1.000000
2043 -49.867714 -41.478809 44.055191 1.000000
2044 -51.334167 -38.560089 43.932030 1.000000
2045 -53.361645 -35.388611 40.690857 1.000000
2047 -50.775730 -33.433113 36.289215 1.000000
2048 -55.689247 -32.444218 37.366982 1.000000
2049 -56.925251 -29.699268 35.170311 1.000000
2050 -57.134808 -27.892023 31.968777 1.000000
2051 -55.769073 -25.420412 29.495220 1.000000
2058 -54.638378 -19.574814 34.274582 1.000000
2059 -54.944050 -19.845470 30.244440 1.000000
2069 -18.331327 -62.475506 62.178295 1.000000
2070 -18.857944 -65.298630 58.246094 1.000000
2071 -21.267248 -62.194752 61.569000 1.000000
2072 -23.946882 -59.796165 59.844696 1.000000
2075 -31.282848 -55.432549 61.176067 1.000000
2076 -29.667517 -56.498486 56.190907 1.000000
2077 -30.694271 -54.629353 53.541908 1.000000
2078 -30.395702 -52.017479 50.315819 1.000000
2079 -29.810522 -50.307915 46.105019 1.000000
2086 -37.916851 -47.811657 53.207466 1.000000
2087 -33.045845 -48.415398 47.716908 1.000000
2089 -30.795353 -47.072418 37.083153 1.000000
2090 -33.848083 -46.409321 34.705647 1.000000
2092 -34.188866 -41.183720 38.939716 1.000000
2096 -45.753017 -45.709297 41.214577 1.000000
2117 -12.518103 -48.740582 61.814384 1.000000
2118 -7.729655 -50.904705 64.627357 1.000000
2119 -8.410178 -53.861076 64.500771 1.000000
2121 -12.291573 -53.790905 66.541069 1.000000
2122 -11.693686 -54.726631 61.453869 1.000000
2123 -14.756401 -56.153603 59.007050 1.000000
2124 -16.597017 -59.747375 60.494495 1.000000
2263 -53.796490 -46.261738 43.464851 1.000000
2264 -55.228718 -47.214573 39.059120 1.000000
2266 -57.649731 -40.882099 37.410294 1.000000
2272 -62.061817 -30.224020 21.444584 1.000000
2273 -56.820301 -33.078827 24.262394 1.000000
2274 -50.665932 -37.072151 27.481937 1.000000
2318 -19.694952 -65.592331 53.763817 1.000000
2319 -19.247244 -64.208038 49.054455 1.000000
2321 -25.633778 -62.977772 47.528393 1.000000
2329 -29.542370 -67.764305 41.474907 1.000000
2330 -32.403191 -73.635529 43.565208 1.000000
2331 -31.279282 -71.952141 40.256042 1.000000
2332 -30.954870 -68.726303 35.149338 1.000000
2589 -14.399576 -67.774406 58.268890 1.000000
2590 -14.552401 -68.023636 55.204365 1.000000
2591 -16.268360 -67.168465 56.763985 1.000000
2592 -14.931262 -65.836304 60.729786 1.000000
2593 -13.047819 -67.279480 59.890636 1.000000
2677 -58.818886 -27.587240 28.073669 1.000000
2678 -61.224640 -28.741806 27.916601 1.000000
2679 -60.508930 -27.899063 26.439713 1.000000
2701 -15.612238 -67.588539 32.913311 1.000000
2849 -7.114619 -73.548759 44.737465 1.000000
2851 -8.680249 -75.309723 45.091991 1.000000
2856 -20.242184 -69.188629 35.584389 1.000000
2857 -7.807562 -54.228302 60.591412 1.000000
2858 -7.639699 -54.030853 58.642567 1.000000
2859 -8.016632 -55.458809 58.394794 1.000000
2860 -6.477494 -70.969566 49.395302 1.000000
2861 -5.950809 -68.226303 49.834595 1.000000
2863 -5.927768 -71.510696 45.226372 1.000000
2938 -48.377850 -24.514978 36.432537 1.000000
2939 -47.561913 -25.426502 33.600697 1.000000
2940 -48.929535 -24.093563 34.393337 1.000000
2941 -49.995087 -24.531973 32.564751 1.000000
2957 -20.563766 -53.485138 59.533287 1.000000
2958 -22.727985 -55.236671 62.709198 1.000000
2959 -22.778561 -53.425640 60.454712 1.000000
2960 -30.491995 -47.367016 59.110027 1.000000
2961 -32.445332 -48.797874 60.969616 1.000000
2962 -33.992908 -48.538326 59.353661 1.000000
2963 -36.694164 -50.052048 58.824421 1.000000
2964 -35.331139 -48.152615 58.144787 1.000000
2968 -31.026220 -38.838203 46.082912 1.000000
2969 -31.457712 -40.159065 47.931992 1.000000
2970 -32.071037 -41.577938 46.357815 1.000000
2971 -34.251373 -43.357086 46.897900 1.000000
2972 -32.959572 -42.568367 45.231102 1.000000
2973 -34.216496 -43.582615 44.003029 1.000000
2974 -32.066822 -41.873898 43.344559 1.000000
2975 -38.323734 -34.639324 35.752178 1.000000
2976 -38.346020 -37.089451 36.809296 1.000000
2977 -39.987236 -36.759888 37.178406 1.000000
2997 -18.213888 -50.173790 59.181385 1.000000
2998 -16.822382 -50.860966 60.642231 1.000000
2999 -18.329754 -52.256981 58.801502 1.000000
3000 -18.728367 -54.074677 59.492638 1.000000
3112 -56.593361 -35.016953 42.393822 1.000000
3113 -56.960461 -37.590904 43.429817 1.000000
3114 -58.002583 -35.881248 41.859188 1.000000
3115 -53.408295 -39.846760 31.251715 1.000000
3116 -54.196484 -41.507069 32.535137 1.000000
3117 -52.588299 -42.469635 31.169586 1.000000
3158 -23.112637 -61.076775 52.361248 1.000000
3162 -26.747173 -63.030548 35.946735 1.000000
3442 -43.973610 -50.416748 39.262699 1.000000
3449 -9.167706 -71.987930 52.264656 1.000000
3450 -10.087889 -73.935974 50.204399 1.000000
3451 -10.757966 -72.001694 50.556816 1.000000
3452 -14.294304 -67.696495 48.888470 1.000000
3453 -13.981714 -70.059044 47.826008 1.000000
3454 -15.374168 -68.666908 47.091652 1.000000
3455 -16.177431 -69.191879 45.403328 1.000000
3456 -16.537846 -67.175125 46.401196 1.000000
3457 -13.395531 -58.283623 58.595879 1.000000
3458 -12.729779 -59.003395 57.713123 1.000000
3459 -12.514745 -61.443016 58.905312 1.000000
3460 -9.824833 -68.958473 56.955242 1.000000
3461 -8.709628 -67.426956 57.965900 1.000000
3462 -8.552862 -69.894104 55.233063 1.000000
3463 -7.509528 -70.374710 53.488342 1.000000
3535 -39.211800 -29.296097 39.384571 1.000000
3536 -40.131157 -28.770966 37.441227 1.000000
3537 -41.340717 -28.306131 40.046455 1.000000
3538 -47.325893 -25.810873 45.228134 1.000000
3540 -47.527447 -25.435324 42.872181 1.000000
3542 -49.839199 -24.948286 43.583202 1.000000
3570 -38.064686 -34.927090 47.926079 1.000000
3571 -35.173149 -35.526909 47.048492 1.000000
3572 -35.121208 -34.845806 44.712761 1.000000
3573 -33.136421 -35.078693 42.442760 1.000000
3574 -35.770653 -33.610092 43.670647 1.000000
3575 -39.906178 -30.072983 43.389008 1.000000
3577 -38.072319 -30.156372 40.632732 1.000000
3578 -36.970417 -30.834988 37.919537 1.000000
3712 -60.463249 -30.854559 34.788795 1.000000
3713 -60.819225 -32.782349 35.644043 1.000000
3714 -61.761543 -31.643383 33.730656 1.000000
3715 -62.596100 -32.383518 28.178928 1.000000
3716 -61.343224 -33.449074 30.541956 1.000000
3717 -59.874474 -33.615959 28.817102 1.000000
3718 -56.544140 -35.170235 29.737692 1.000000
3719 -57.996082 -34.057026 27.733631 1.000000
4252 -10.070133 -48.942490 57.903797 1.000000
4253 -9.220176 -48.471893 55.854229 1.000000
4254 -7.156950 -49.202103 57.106098 1.000000
4255 -6.879744 -53.872608 54.334156 1.000000
4256 -7.005341 -52.306122 54.151329 1.000000
4257 -6.103831 -53.810463 52.321766 1.000000
4259 -7.620553 -54.878490 50.899708 1.000000
4260 -11.338114 -59.951794 55.404640 1.000000
4261 -11.069815 -57.124245 55.020302 1.000000
4262 -10.999910 -60.278034 53.956299 1.000000
4263 -8.245272 -63.125114 49.023964 1.000000
4264 -11.079852 -60.814575 50.206146 1.000000
4265 -10.375624 -60.945202 48.095722 1.000000
4266 -11.548767 -58.340828 47.450699 1.000000
4269 -7.289933 -63.377052 44.936661 1.000000
4481 -49.007088 -43.305473 43.438957 1.000000
4482 -48.463539 -41.538948 42.430611 1.000000
4484 -48.919861 -38.499290 43.669159 1.000000
4486 -52.458851 -37.105488 42.370079 1.000000
4487 -51.202564 -36.182976 40.379181 1.000000
4491 -49.870495 -29.856134 33.567150 1.000000
4492 -49.242264 -31.682257 34.220554 1.000000
4493 -51.650543 -31.728174 35.278294 1.000000
4494 -53.288750 -33.051418 36.946659 1.000000
4495 -54.030804 -31.255352 35.833179 1.000000
4496 -56.442738 -30.812576 36.174599 1.000000
4497 -54.509094 -29.994238 35.017021 1.000000
4498 -53.499489 -25.991430 31.350483 1.000000
4499 -55.281513 -27.824982 32.356354 1.000000
4500 -55.416656 -26.136209 31.422009 1.000000
4501 -56.819122 -26.493267 30.981878 1.000000
4547 -19.244152 -60.514576 62.729126 1.000000
4548 -19.783192 -62.478630 62.146290 1.000000
4549 -20.756067 -60.612690 63.415855 1.000000
4550 -25.336369 -58.221733 63.643730 1.000000
4551 -24.032940 -59.713123 62.209240 1.000000
4554 -27.133343 -57.256706 60.413574 1.000000
4555 -26.518011 -49.514679 60.985516 1.000000
4556 -26.910437 -51.542114 62.341991 1.000000
4558 -34.566242 -53.145226 61.302319 1.000000
4560 -33.350693 -55.050682 60.044525 1.000000
4561 -31.041279 -56.018322 58.615540 1.000000
4563 -30.398914 -55.757771 54.929150 1.000000
4565 -35.061115 -51.534901 54.312603 1.000000
4566 -32.796417 -52.348083 53.149254 1.000000
4567 -32.391525 -51.225609 51.249596 1.000000
4568 -30.133884 -51.025017 48.380157 1.000000
4569 -31.869574 -50.501869 49.157738 1.000000
4578 -36.786644 -35.769459 55.983147 1.000000
4580 -34.665203 -36.973869 54.509338 1.000000
4581 -33.297920 -42.408329 51.507103 1.000000
4582 -31.792852 -40.722652 51.883747 1.000000
4583 -33.241959 -42.863728 52.972706 1.000000
4584 -32.241440 -43.712219 53.336586 1.000000
4585 -35.150993 -44.285419 54.424255 1.000000
4586 -36.957684 -46.226524 55.573265 1.000000
4587 -36.925758 -45.495522 53.348461 1.000000
4588 -35.225319 -46.916443 46.408897 1.000000
4589 -35.308220 -47.779320 48.377880 1.000000
4592 -30.765844 -47.189331 42.264698 1.000000
4593 -29.936218 -47.762775 38.830269 1.000000
4594 -31.153992 -46.438549 40.297173 1.000000
4595 -34.656422 -44.693748 38.790642 1.000000
4596 -33.169933 -45.255547 37.175365 1.000000
4597 -34.576439 -44.863930 35.965599 1.000000
4599 -36.301460 -44.655399 35.433956 1.000000
4600 -31.897501 -37.499458 38.676380 1.000000
4601 -32.102036 -39.923283 39.366264 1.000000
4602 -33.210670 -39.030319 37.923100 1.000000
4603 -39.257233 -41.508831 38.050850 1.000000
4604 -37.872551 -41.812183 38.050816 1.000000
4605 -39.672905 -43.051292 37.906555 1.000000
4611 -44.593712 -43.820740 40.784744 1.000000
4612 -46.071289 -43.698952 41.382881 1.000000
4662 -10.586041 -50.214592 68.178421 1.000000
4663 -9.748862 -50.216881 65.845139 1.000000
4664 -8.692990 -51.444904 66.843803 1.000000
4665 -7.450134 -52.448555 65.047371 1.000000
4666 -8.931060 -52.860088 66.657738 1.000000
4667 -17.238277 -47.007439 71.648849 1.000000
4669 -16.246887 -49.293694 70.339668 1.000000
4670 -14.855802 -53.135498 64.015823 1.000000
4671 -13.991858 -52.984547 66.655594 1.000000
4672 -13.568079 -53.983040 64.536743 1.000000
4673 -11.891212 -54.303364 64.042702 1.000000
4674 -13.182547 -54.359673 61.818836 1.000000
4675 -13.045705 -55.220337 59.772522 1.000000
4676 -14.454351 -54.743053 59.914471 1.000000
4677 -19.180916 -57.438774 61.032276 1.000000
4678 -17.452137 -57.691845 59.853985 1.000000
4679 -18.409628 -59.271240 61.471107 1.000000
4680 -17.399578 -61.174309 61.918324 1.000000
5017 -52.307453 -43.385071 46.066647 1.000000
5018 -52.634449 -45.968090 45.489742 1.000000
5019 -53.987282 -44.041603 45.412426 1.000000
5020 -55.681313 -43.301769 40.730202 1.000000
5021 -55.260933 -45.425129 41.048901 1.000000
5022 -55.676411 -45.801205 38.728081 1.000000
5024 -56.573853 -46.299019 36.713684 1.000000
5025 -58.251934 -36.818523 36.335480 1.000000
5026 -57.657063 -38.246021 37.936340 1.000000
5027 -57.594494 -39.370121 36.425575 1.000000
5028 -57.258110 -44.460831 32.666321 1.000000
5041 -62.042439 -28.597744 21.453533 1.000000
5044 -57.088074 -31.583014 22.075008 1.000000
5045 -54.055523 -32.843559 24.096611 1.000000
5152 -20.064983 -63.983559 57.317097 1.000000
5153 -19.116970 -65.536705 55.875946 1.000000
5154 -20.501759 -64.470787 55.143726 1.000000
5155 -23.347744 -64.038223 51.411354 1.000000
5156 -21.472910 -64.591354 51.549896 1.000000
5157 -20.915384 -63.555561 49.055412 1.000000
5158 -18.549892 -63.726269 46.018978 1.000000
5159 -20.218250 -62.653698 46.076668 1.000000
5182 -31.039862 -68.234406 42.122932 1.000000
5187 -31.839798 -75.431412 37.640877 1.000000
5311 -9.975149 -46.634426 50.822449 1.000000
5813 -11.279918 -69.428055 54.998486 1.000000
5814 -11.452868 -69.985123 51.449360 1.000000
5815 -12.672009 -68.687607 53.458454 1.000000
5816 -14.260768 -67.498398 51.955109 1.000000
5817 -15.870522 -66.306839 51.136547 1.000000
5818 -13.539339 -62.215263 60.744396 1.000000
5819 -11.924215 -63.435650 60.117432 1.000000
5820 -11.961787 -65.547462 60.402363 1.000000
5821 -11.446971 -68.198868 58.504845 1.000000
5866 -42.736603 -29.422016 44.594330 1.000000
5867 -42.989876 -28.426605 42.710075 1.000000
5889 -38.363739 -32.260784 45.651890 1.000000
5971 -59.948841 -29.534042 30.829062 1.000000
5972 -61.875275 -30.683716 31.761469 1.000000
5973 -61.754852 -29.818470 29.584940 1.000000
5974 -62.878731 -30.446712 27.867300 1.000000
5975 -63.170055 -31.261292 25.778763 1.000000
6285 -14.269651 -75.359879 43.405998 1.000000
6295 -6.470725 -50.851753 60.277672 1.000000
6296 -6.535571 -50.720013 58.077473 1.000000
6297 -7.264743 -52.363098 58.584663 1.000000
6298 -7.515977 -54.009544 56.434917 1.000000
6299 -7.216334 -55.186760 54.639515 1.000000
6300 -7.939080 -65.720215 53.834381 1.000000
6301 -9.599410 -63.508049 52.898964 1.000000
6302 -7.208902 -65.581482 51.680870 1.000000
6303 -6.533147 -65.337479 49.667717 1.000000
6304 -6.159084 -65.478348 47.803078 1.000000
6437 -46.757679 -35.862576 38.513138 1.000000
6438 -45.179420 -26.749640 34.634369 1.000000
6439 -45.690620 -28.865637 33.172905 1.000000
6440 -46.556068 -27.090210 33.117817 1.000000
6441 -48.381168 -27.676310 32.654621 1.000000
6442 -50.475338 -28.369879 32.730434 1.000000
6443 -52.698029 -28.865381 33.401386 1.000000
6444 -50.993416 -26.912088 32.054195 1.000000
6445 -51.605511 -25.386761 31.610651 1.000000
6446 -52.446636 -23.423679 31.537542 1.000000
6473 -20.868679 -57.049885 62.631298 1.000000
6474 -21.703054 -58.828560 64.245270 1.000000
6475 -22.344357 -56.983276 64.145523 1.000000
6476 -24.226292 -56.784718 64.713776 1.000000
6477 -26.221668 -56.354778 64.542831 1.000000
6480 -30.999640 -49.175739 62.347229 1.000000
6482 -35.953571 -52.747089 59.961540 1.000000
6483 -35.251015 -53.870628 57.562092 1.000000
6484 -36.928856 -52.201641 58.602814 1.000000
6485 -37.211411 -51.545959 56.939575 1.000000
6486 -37.119747 -50.813107 54.837608 1.000000
6492 -34.614368 -36.923561 51.210732 1.000000
6493 -33.913761 -37.809902 52.630146 1.000000
6494 -32.288460 -38.632896 50.113808 1.000000
6495 -32.280209 -41.562626 49.654419 1.000000
6496 -34.416355 -43.505951 50.293739 1.000000
6497 -36.325062 -45.008656 50.910492 1.000000
6498 -35.361839 -44.291382 48.766495 1.000000
6499 -36.081604 -45.100739 47.279800 1.000000
6500 -35.454403 -46.098240 44.707512 1.000000
6501 -33.475964 -45.908943 41.856880 1.000000
6502 -35.554192 -45.346161 43.347095 1.000000
6503 -35.269028 -44.617455 41.938313 1.000000
6504 -35.271858 -43.800106 40.380383 1.000000
6505 -34.899712 -35.650955 36.491844 1.000000
6506 -34.817970 -38.277802 36.920918 1.000000
6507 -36.591743 -37.582565 36.637730 1.000000
6508 -38.878254 -39.618782 37.441277 1.000000
6509 -40.740276 -41.050255 38.309326 1.000000
6510 -42.131599 -42.414005 39.226158 1.000000
6544 -11.831096 -49.839523 70.020416 1.000000
6545 -18.069088 -48.476677 66.164246 1.000000
6546 -16.786793 -49.793758 67.710350 1.000000
6547 -16.691198 -50.080017 64.280243 1.000000
6548 -15.790411 -51.929413 62.574402 1.000000
6549 -15.611570 -53.325550 61.519081 1.000000
6550 -15.732854 -54.388348 60.025673 1.000000
6551 -17.074347 -54.169304 59.826897 1.000000
6754 -54.718437 -39.461723 45.534363 1.000000
6755 -55.048683 -42.167236 45.207104 1.000000
6756 -55.892570 -39.907898 44.667583 1.000000
6757 -56.232075 -40.427185 42.766117 1.000000
6758 -56.216602 -41.325714 40.322952 1.000000
6759 -55.996460 -38.117004 33.757233 1.000000
6760 -56.780804 -40.103107 35.101574 1.000000
6761 -55.501282 -40.707047 33.924332 1.000000
6762 -55.444633 -43.239372 32.925224 1.000000
6836 -21.857759 -63.407387 54.320740 1.000000
6837 -22.659683 -62.161476 53.278065 1.000000
6839 -24.515978 -63.222832 50.508278 1.000000
7325 -7.614739 -73.242874 48.807838 1.000000
7326 -8.742197 -75.341713 46.932552 1.000000
7327 -9.245555 -74.945908 48.782845 1.000000
7328 -11.270924 -75.026306 48.337147 1.000000
7329 -13.228319 -73.902771 47.652428 1.000000
7330 -12.404788 -71.327354 48.841713 1.000000
7331 -13.877337 -72.266754 48.005981 1.000000
7332 -14.709991 -72.515678 46.447701 1.000000
7335 -17.493450 -67.780449 41.077450 1.000000
7336 -10.327408 -56.070648 59.181011 1.000000
7337 -9.706513 -56.220772 57.960388 1.000000
7338 -11.755566 -56.803120 57.409477 1.000000
7339 -12.011461 -59.604424 56.625023 1.000000
7340 -10.119349 -62.845421 56.438587 1.000000
7341 -10.342427 -64.433739 59.092316 1.000000
7342 -8.977968 -65.284927 57.693153 1.000000
7343 -8.273596 -65.579910 55.877052 1.000000
7344 -6.927977 -68.069847 54.045166 1.000000
7345 -6.921115 -70.718918 51.549671 1.000000
7446 -40.017700 -30.465265 35.456196 1.000000
7447 -41.332989 -28.749573 35.616993 1.000000
7449 -43.190716 -27.224689 40.984028 1.000000
7451 -44.324917 -26.520405 36.523926 1.000000
7452 -46.116932 -25.952713 37.258320 1.000000
7453 -48.022667 -25.333342 38.342808 1.000000
7454 -49.962688 -24.520889 39.323967 1.000000
7475 -20.001379 -49.829021 58.393208 1.000000
7476 -22.650560 -51.518513 58.895180 1.000000
7477 -22.280537 -49.681526 58.443432 1.000000
7478 -24.361324 -48.882881 59.037834 1.000000
7479 -25.394938 -47.989319 59.618359 1.000000
7482 -26.059414 -47.249794 60.111549 1.000000
7494 -35.099380 -36.115513 49.296700 1.000000
7495 -32.543243 -36.558311 46.462811 1.000000
7496 -30.961971 -38.097572 43.964653 1.000000
7497 -30.832569 -39.584637 42.291222 1.000000
7498 -31.198792 -37.145519 42.028175 1.000000
7499 -31.855066 -36.069130 40.263664 1.000000
7500 -32.961784 -34.926197 38.824646 1.000000
7501 -36.199631 -32.244812 42.893078 1.000000
7502 -34.731609 -32.740742 40.049850 1.000000
7503 -34.241623 -33.859535 37.693333 1.000000
7504 -35.558590 -32.943913 36.862198 1.000000
7505 -37.115105 -32.524971 36.079460 1.000000
7693 -58.548012 -33.041306 38.375340 1.000000
7694 -58.832855 -34.664848 39.508930 1.000000
7695 -59.607471 -33.870110 37.557178 1.000000
7696 -59.666546 -34.799934 36.161423 1.000000
7697 -59.000267 -35.590546 34.559338 1.000000
7698 -62.240318 -32.779476 32.246773 1.000000
7699 -60.015678 -34.539913 32.692822 1.000000
7700 -57.719654 -36.039055 32.939022 1.000000
7701 -56.092335 -36.445644 31.677673 1.000000
7702 -54.631348 -37.376881 30.559610 1.000000
7703 -52.992455 -38.489525 29.632610 1.000000
7774 -35.602547 -77.824707 36.359570 1.000000
8384 -15.350700 -71.130508 35.881889 1.000000
8394 -16.425476 -76.584023 44.160347 1.000000
8413 -8.156590 -47.745773 53.966839 1.000000
8415 -6.811740 -50.391701 55.975533 1.000000
8421 -9.219063 -56.196602 56.442688 1.000000
8422 -8.890203 -56.109325 54.885414 1.000000
8423 -8.961211 -55.939873 53.189484 1.000000
8424 -11.204426 -60.534985 52.247833 1.000000
8425 -11.545835 -57.300304 51.601025 1.000000
8426 -9.605433 -55.681946 51.390343 1.000000
8427 -10.644519 -55.559418 49.391998 1.000000
8428 -11.255536 -55.877552 47.272007 1.000000
8429 -10.941031 -56.619373 45.150185 1.000000
8698 -50.522392 -43.423534 44.993950 1.000000
8699 -51.550789 -41.499363 45.421547 1.000000
8700 -48.468121 -39.947201 43.330959 1.000000
8701 -50.300846 -39.917397 44.647713 1.000000
8702 -52.558891 -39.724674 45.528214 1.000000
8703 -53.492287 -37.887173 44.283577 1.000000
8704 -54.436413 -36.022400 42.504650 1.000000
8705 -55.340660 -34.266228 40.697842 1.000000
8708 -47.510185 -34.809254 36.918377 1.000000
8709 -46.919075 -31.392200 33.652359 1.000000
8710 -48.367023 -33.375092 35.410004 1.000000
8711 -49.825855 -34.932587 37.847980 1.000000
8712 -52.132019 -34.503025 38.624992 1.000000
8713 -54.505749 -33.907745 39.022224 1.000000
8714 -56.615559 -33.115295 38.955585 1.000000
8715 -57.796223 -31.943232 37.334816 1.000000
8716 -58.756794 -30.572254 35.909275 1.000000
8717 -58.907673 -29.747202 34.408337 1.000000
8718 -54.911263 -29.015284 33.897667 1.000000
8719 -57.123772 -28.983349 33.673683 1.000000
8720 -58.508301 -29.263525 32.444897 1.000000
8721 -58.405468 -28.162796 30.847418 1.000000
8722 -57.663277 -27.196716 29.697744 1.000000
8723 -56.558636 -26.193470 28.100018 1.000000
8729 -52.406364 -23.738544 47.233459 1.000000
8730 -52.507099 -24.353031 44.587410 1.000000
8731 -52.365589 -24.429983 42.492882 1.000000
8732 -52.098927 -23.558592 40.517235 1.000000
8740 -54.187653 -21.763988 41.118362 1.000000
8741 -52.152016 -22.371735 38.289452 1.000000
8744 -53.707664 -21.277416 31.780270 1.000000
8746 -54.794456 -19.551794 32.231628 1.000000
8747 -54.315601 -21.851086 30.340576 1.000000
8748 -54.748680 -22.672262 29.267706 1.000000
8749 -55.288612 -23.267151 28.160763 1.000000
8777 -17.178608 -64.776276 61.020210 1.000000
8778 -17.670166 -66.364166 58.961800 1.000000
8779 -18.620884 -64.602669 60.566917 1.000000
8780 -19.977564 -63.800659 59.852837 1.000000
8781 -21.299047 -62.548492 59.163250 1.000000
8783 -22.718967 -61.148418 60.773506 1.000000
8784 -22.537792 -61.138184 58.436348 1.000000
8785 -23.805984 -59.948494 57.501137 1.000000
8786 -24.951571 -59.022358 56.645741 1.000000
8787 -26.127728 -58.094887 55.842255 1.000000
8788 -24.969439 -52.765545 61.558327 1.000000
8789 -26.754309 -54.100788 63.995441 1.000000
8790 -28.326050 -55.332817 63.999634 1.000000
8791 -30.504719 -52.107750 63.258709 1.000000
8792 -30.354284 -54.504803 63.077232 1.000000
8793 -29.097940 -56.161018 62.021324 1.000000
8795 -28.360687 -56.951653 57.355919 1.000000
8796 -27.295050 -57.281639 54.786034 1.000000
8797 -28.049799 -56.454132 53.698189 1.000000
8798 -28.588306 -55.518047 52.382275 1.000000
8800 -33.010719 -53.688927 54.723042 1.000000
8818 -32.653114 -38.337585 52.859638 1.000000
8819 -30.917892 -38.684811 51.909534 1.000000
8820 -29.415585 -39.204208 51.212688 1.000000
8821 -29.670437 -42.260818 51.971657 1.000000
8822 -31.254629 -44.629509 54.242981 1.000000
8824 -36.330933 -47.090080 56.936531 1.000000
8825 -38.131081 -48.722157 55.420998 1.000000
8826 -36.660576 -49.850216 52.365654 1.000000
8827 -37.330151 -47.114372 51.004517 1.000000
8828 -35.790489 -48.776516 50.299801 1.000000
8829 -33.789726 -49.732735 49.650478 1.000000
8830 -31.279224 -49.362774 46.764996 1.000000
8836 -32.050255 -45.774525 38.613445 1.000000
8837 -32.142864 -46.611279 35.636753 1.000000
8842 -31.767414 -40.984993 41.306602 1.000000
8843 -33.495354 -41.990440 40.531780 1.000000
8844 -35.700054 -42.988365 39.071091 1.000000
8845 -35.468227 -40.526669 37.886826 1.000000
8846 -36.647743 -42.308094 38.309662 1.000000
8847 -36.904716 -43.640827 37.120358 1.000000
8916 -12.336800 -48.416634 59.450890 1.000000
8917 -10.173556 -49.409760 60.523643 1.000000
8918 -12.520499 -48.941814 64.224899 1.000000
8919 -9.950578 -49.898304 63.130474 1.000000
8920 -7.540475 -50.111645 61.875694 1.000000
8921 -6.697843 -51.563221 62.779835 1.000000
8922 -7.456795 -53.313301 62.833061 1.000000
8923 -8.607693 -54.643700 62.095734 1.000000
8925 -13.563330 -49.255653 71.369469 1.000000
8926 -12.164808 -51.092628 70.040031 1.000000
8927 -15.028732 -51.145531 68.755188 1.000000
8928 -12.979647 -52.281532 68.839966 1.000000
8929 -10.984083 -52.771740 68.051201 1.000000
8930 -10.276245 -53.954285 65.659744 1.000000
8931 -10.066814 -54.600685 63.136372 1.000000
8932 -10.183565 -55.211281 60.861916 1.000000
8933 -11.675570 -55.654552 59.724007 1.000000
8934 -13.399920 -56.357018 58.697643 1.000000
8935 -14.606649 -58.095898 59.052040 1.000000
8936 -16.198532 -55.847809 59.201672 1.000000
8937 -15.884290 -57.886665 59.398964 1.000000
8938 -14.959059 -59.887695 60.052887 1.000000
8939 -15.407682 -61.766338 61.377098 1.000000
8940 -16.230473 -63.266296 61.966278 1.000000
9349 -51.963783 -47.892860 45.375404 1.000000
9352 -54.767479 -44.714149 43.547733 1.000000
9353 -54.512825 -46.697731 41.210968 1.000000
9354 -54.010399 -47.988811 38.867554 1.000000
9358 -57.952858 -37.012642 39.955883 1.000000
9359 -56.905476 -39.661911 39.262390 1.000000
9360 -57.244488 -42.454388 38.088787 1.000000
9361 -57.927086 -41.532970 35.868057 1.000000
9363 -57.457054 -44.785748 36.697952 1.000000
9376 -61.619225 -28.276373 24.079166 1.000000
9377 -62.824932 -29.874607 23.477814 1.000000
9378 -62.369678 -31.766529 23.564934 1.000000
9380 -60.089470 -31.750153 22.401402 1.000000
9381 -59.432495 -33.217598 24.921728 1.000000
9382 -55.842316 -34.679131 26.766825 1.000000
9383 -52.932739 -36.682072 28.004230 1.000000
9512 -17.842798 -66.451736 56.291992 1.000000
9513 -18.059874 -66.278252 53.834656 1.000000
9514 -17.766521 -65.400658 51.419079 1.000000
9515 -21.419912 -64.861267 53.648499 1.000000
9516 -19.641516 -64.907555 51.457111 1.000000
9517 -17.370541 -65.227699 48.721424 1.000000
9518 -17.411739 -65.475090 45.945766 1.000000
9523 -24.638002 -63.244225 48.296654 1.000000
9547 -28.494049 -66.748215 39.492138 1.000000
9551 -31.912090 -76.326859 39.571281 1.000000
9552 -31.513382 -73.050697 41.893929 1.000000
9553 -30.720722 -70.628502 42.977581 1.000000
9554 -29.857227 -69.832703 41.363697 1.000000
10269 -15.255033 -67.336166 58.903095 1.000000
10270 -15.347568 -67.529175 57.554543 1.000000
10271 -16.237997 -67.201866 58.116405 1.000000
10272 -15.568403 -66.489487 60.209625 1.000000
10273 -14.571286 -67.033340 59.768593 1.000000
10357 -58.334461 -27.092596 27.286997 1.000000
10358 -59.661987 -27.782614 27.300394 1.000000
10359 -59.222942 -27.321941 26.536230 1.000000
10529 -7.149541 -73.524643 45.622566 1.000000
10531 -7.843153 -74.528786 45.798332 1.000000
10534 -18.952730 -69.467621 38.091591 1.000000
10535 -19.898550 -69.912827 36.870052 1.000000
10537 -8.227797 -54.849434 60.217243 1.000000
10538 -7.903102 -54.855663 59.364002 1.000000
10539 -8.417295 -55.457996 59.165192 1.000000
10540 -6.893172 -72.147964 48.038399 1.000000
10541 -6.328336 -71.052269 48.316380 1.000000
10542 -6.758999 -72.307739 46.927101 1.000000
10543 -6.531531 -72.481277 45.912376 1.000000
10618 -49.251949 -24.031891 36.934143 1.000000
10619 -48.624191 -24.202887 35.403553 1.000000
10620 -49.416714 -23.738838 35.873619 1.000000
10622 -50.237694 -23.333073 36.175117 1.000000
10637 -20.471085 -52.616425 58.782990 1.000000
10638 -21.653164 -53.480946 59.919563 1.000000
10639 -21.586725 -52.533638 59.050751 1.000000
10640 -31.273243 -47.388741 58.370697 1.000000
10641 -32.218437 -47.997047 59.270241 1.000000
10642 -33.045380 -47.882801 58.568836 1.000000
10643 -34.674755 -48.400928 58.712837 1.000000
10644 -33.812778 -47.652981 58.022667 1.000000
10648 -30.971634 -39.700020 45.140747 1.000000
10649 -31.216547 -40.278328 46.156647 1.000000
10650 -31.562183 -41.048210 45.366463 1.000000
10651 -32.552776 -42.078255 45.623589 1.000000
10652 -31.977789 -41.584389 44.657356 1.000000
10653 -32.451881 -42.205994 44.309563 1.000000
10654 -31.603230 -41.201427 43.724632 1.000000
10655 -39.251225 -34.610733 35.660290 1.000000
10656 -39.142372 -35.699528 36.188774 1.000000
10657 -40.042427 -35.612640 36.277878 1.000000
10677 -19.092424 -50.951126 58.440437 1.000000
10678 -18.109814 -51.150734 58.789989 1.000000
10679 -19.295437 -51.982841 58.524158 1.000000
10680 -19.466650 -52.998695 58.842884 1.000000
10792 -57.127434 -34.357689 41.329033 1.000000
10793 -57.484436 -35.298004 42.263908 1.000000
10794 -57.952187 -34.632362 41.180042 1.000000
10795 -52.518639 -40.267567 30.718311 1.000000
10796 -52.873070 -41.078663 31.373322 1.000000
10797 -52.058033 -41.597862 30.810833 1.000000
10799 -51.338001 -42.139965 30.138144 1.000000
10840 -27.471470 -64.002670 38.107815 1.000000
10841 -26.959204 -63.114918 37.464706 1.000000
10842 -27.270590 -63.937183 36.457077 1.000000
11129 -9.619728 -71.224487 52.691723 1.000000
11130 -10.010040 -72.145729 51.532665 1.000000
11131 -10.390427 -71.192551 51.820457 1.000000
11132 -15.127721 -67.068100 48.649403 1.000000
11133 -14.792349 -68.185486 47.836544 1.000000
11134 -15.455185 -67.480515 47.626534 1.000000
11135 -15.942662 -67.971474 46.794518 1.000000
11136 -16.152903 -66.904793 47.340839 1.000000
11137 -13.626384 -59.304554 59.093559 1.000000
11138 -13.167322 -59.792671 58.713287 1.000000
11139 -13.211092 -60.852966 59.331043 1.000000
11140 -10.000114 -69.876404 55.189465 1.000000
11141 -9.144352 -69.432251 56.121117 1.000000
11142 -9.378748 -70.331337 54.401268 1.000000
11143 -8.816545 -70.895279 53.674480 1.000000
11215 -39.969128 -29.176228 40.707603 1.000000
11216 -40.323750 -28.760162 39.743572 1.000000
11217 -41.098133 -28.762201 40.971691 1.000000
11218 -48.477547 -25.142206 45.666161 1.000000
11219 -47.467999 -25.567356 44.091484 1.000000
11220 -48.638702 -25.092484 44.492081 1.000000
11221 -48.726685 -25.173290 43.292809 1.000000
11250 -38.020607 -34.318016 47.006462 1.000000
11251 -36.625008 -34.863132 46.206593 1.000000
11252 -36.628258 -34.273750 45.353111 1.000000
11254 -36.839817 -33.597733 45.010643 1.000000
11255 -40.426624 -29.628834 42.690948 1.000000
11256 -38.956879 -30.064137 42.043312 1.000000
11257 -39.420979 -29.598276 41.332451 1.000000
11258 -38.625298 -29.682499 40.015930 1.000000
11392 -60.511627 -30.429958 33.963646 1.000000
11393 -61.192131 -31.251532 34.340057 1.000000
11394 -61.290184 -30.741199 33.363022 1.000000
11395 -62.150932 -32.593971 27.123047 1.000000
11396 -61.445152 -33.046967 28.436426 1.000000
11397 -60.771370 -33.188370 27.604141 1.000000
11398 -58.920937 -33.793507 28.216913 1.000000
11399 -59.765785 -33.393669 27.013571 1.000000
11918 -14.031980 -75.787109 46.237415 1.000000
11932 -8.858686 -49.186829 58.642223 1.000000
11933 -8.510386 -49.023964 57.563068 1.000000
11934 -7.426141 -49.353535 58.194191 1.000000
11935 -6.607230 -54.508217 53.569427 1.000000
11937 -6.419052 -54.487659 52.600391 1.000000
11938 -6.418561 -54.443653 51.620251 1.000000
11939 -7.263542 -54.971596 51.903370 1.000000
11940 -10.499647 -61.631248 55.065643 1.000000
11941 -11.033323 -60.164757 54.685486 1.000000
11942 -10.428370 -61.744171 54.280190 1.000000
11943 -7.919288 -63.021557 48.027702 1.000000
11944 -9.356209 -62.109001 48.529392 1.000000
11945 -8.881384 -61.985588 47.552574 1.000000
11947 -8.414441 -62.057884 46.533245 1.000000
11948 -8.248209 -62.231056 45.540428 1.000000
11949 -7.615057 -63.293938 45.959515 1.000000
12161 -47.995365 -42.402443 42.190601 1.000000
12162 -47.568562 -41.619793 41.643108 1.000000
12163 -48.409012 -36.652306 40.443199 1.000000
12165 -49.613628 -36.791935 40.973820 1.000000
12166 -50.750568 -36.839424 41.221500 1.000000
12167 -50.117851 -36.259056 40.045860 1.000000
12169 -43.718933 -29.919561 33.929569 1.000000
12170 -44.266319 -29.210672 33.722862 1.000000
12171 -50.978485 -29.984882 33.893742 1.000000
12172 -50.768757 -30.807064 34.330250 1.000000
12173 -51.917614 -30.861713 34.819416 1.000000
12174 -52.800789 -31.579605 35.587574 1.000000
12175 -53.094440 -30.684397 35.185421 1.000000
12176 -54.262932 -30.560577 35.434891 1.000000
12177 -53.374828 -30.021832 34.624100 1.000000
12179 -54.464283 -26.077154 31.395832 1.000000
12181 -55.369488 -25.285299 30.963852 1.000000
12198 -57.140553 -18.150082 39.270630 1.000000
12200 -57.250988 -17.857990 38.252789 1.000000
12227 -19.746820 -59.593987 62.976021 1.000000
12228 -20.006226 -60.521229 63.183735 1.000000
12229 -20.510769 -59.608307 63.564415 1.000000
12230 -26.277258 -57.689873 63.227917 1.000000
12231 -25.568874 -58.400440 62.440941 1.000000
12232 -26.350842 -57.799000 61.961628 1.000000
12233 -26.209503 -57.799232 60.672630 1.000000
12234 -27.127216 -57.197102 61.583473 1.000000
12235 -27.025455 -49.025860 61.419544 1.000000
12236 -27.454931 -50.002876 61.999451 1.000000
12238 -35.015839 -54.054955 60.107658 1.000000
12239 -34.155571 -54.226421 60.758453 1.000000
12240 -34.109108 -54.985340 59.444538 1.000000
12241 -32.948643 -55.589844 58.703423 1.000000
12242 -33.482044 -55.455147 57.991627 1.000000
12244 -33.907330 -55.036976 57.382763 1.000000
12245 -34.786156 -51.098255 53.318462 1.000000
12246 -33.755146 -51.297905 52.836304 1.000000
12247 -33.444580 -50.883289 51.812214 1.000000
12248 -32.188435 -50.801159 50.245972 1.000000
12249 -33.129646 -50.598076 50.725071 1.000000
12256 -27.158270 -38.783047 51.402046 1.000000
12258 -36.608238 -36.268700 54.972496 1.000000
12259 -35.739960 -36.383911 55.322987 1.000000
12260 -35.480736 -36.762543 54.296772 1.000000
12261 -34.125854 -43.273891 52.059822 1.000000
12262 -33.629875 -42.629490 52.474823 1.000000
12263 -34.364372 -43.362671 52.980446 1.000000
12264 -34.110733 -43.567108 53.570778 1.000000
12265 -35.181458 -44.108387 53.533886 1.000000
12266 -36.047314 -44.934368 54.104149 1.000000
12267 -35.959396 -44.715034 52.915417 1.000000
12269 -33.997456 -47.118176 45.997997 1.000000
12273 -30.890238 -46.750984 41.256874 1.000000
12274 -31.907856 -46.360466 42.005028 1.000000
12275 -35.089764 -44.388561 38.174942 1.000000
12276 -34.454094 -44.667347 37.321430 1.000000
12277 -35.081097 -44.419212 36.795490 1.000000
12278 -35.469238 -44.775578 35.678234 1.000000
12279 -35.790573 -44.273987 36.392891 1.000000
12280 -32.509968 -36.941975 37.966042 1.000000
12281 -32.404228 -38.287666 38.169395 1.000000
12282 -33.117321 -37.802685 37.472057 1.000000
12283 -40.121002 -42.037678 38.222099 1.000000
12284 -39.441467 -42.209602 38.041492 1.000000
12285 -40.311867 -42.932781 38.214405 1.000000
12342 -10.241872 -50.831036 68.586311 1.000000
12343 -9.595987 -50.866631 67.588669 1.000000
12344 -9.419493 -51.505524 67.758774 1.000000
12345 -8.670053 -52.139610 66.848793 1.000000
12346 -9.561927 -52.177162 67.683487 1.000000
12348 -16.803358 -48.167439 71.016373 1.000000
12349 -17.138670 -48.568489 69.888344 1.000000
12350 -14.725705 -53.620770 63.132515 1.000000
12351 -14.298502 -53.603405 64.459869 1.000000
12352 -14.107404 -53.900002 63.239929 1.000000
12353 -13.382541 -54.177105 63.198143 1.000000
12354 -13.921530 -54.148731 61.947765 1.000000
12355 -13.809153 -54.472450 60.748375 1.000000
12356 -14.463216 -54.304626 60.907280 1.000000
12357 -19.712402 -58.084435 62.053688 1.000000
12358 -18.809547 -58.310375 61.304443 1.000000
12359 -19.301693 -58.986481 62.224220 1.000000
12360 -18.837978 -59.907318 62.225342 1.000000
12697 -53.144341 -42.375401 46.126823 1.000000
12698 -53.230633 -43.678814 45.957878 1.000000
12699 -53.929890 -42.677460 45.959675 1.000000
12700 -55.813171 -43.693306 39.370472 1.000000
12701 -55.528839 -44.696014 39.595966 1.000000
12702 -55.802544 -44.961292 38.479378 1.000000
12703 -56.050514 -46.033119 37.675667 1.000000
12704 -56.276752 -45.286953 37.475060 1.000000
12705 -57.881828 -37.224663 35.603092 1.000000
12706 -57.795441 -38.010437 36.472206 1.000000
12707 -57.446949 -38.484749 35.796360 1.000000
12723 -52.536308 -32.199242 22.929243 1.000000
12724 -54.121197 -32.207283 23.015568 1.000000
12725 -52.506733 -32.781773 24.067276 1.000000
12726 -52.373680 -33.692421 25.082611 1.000000
12832 -20.633821 -63.336353 56.867481 1.000000
12833 -20.101831 -64.238846 56.173744 1.000000
12834 -20.782166 -63.632183 55.721294 1.000000
12836 -22.294523 -64.028290 50.394070 1.000000
12837 -21.943100 -63.377491 49.033134 1.000000
12838 -20.597256 -63.076149 47.621597 1.000000
12839 -21.543789 -62.808800 47.628307 1.000000
12861 -31.685827 -67.051453 41.813347 1.000000
12862 -31.747608 -68.341537 42.482189 1.000000
13529 -12.067274 -69.036606 55.749046 1.000000
13530 -11.998835 -69.146828 54.144604 1.000000
13531 -12.817465 -68.710800 55.124634 1.000000
13532 -15.441254 -67.521927 54.501335 1.000000
13533 -14.423535 -67.740021 53.610603 1.000000
13534 -15.278834 -67.167862 53.040821 1.000000
13535 -15.111200 -67.036995 51.464844 1.000000
13536 -15.975810 -66.581253 52.591534 1.000000
13537 -13.546320 -63.265747 61.223339 1.000000
13538 -12.585088 -63.933250 60.823303 1.000000
13539 -12.883812 -64.926361 60.888538 1.000000
13540 -12.922638 -68.139778 58.400734 1.000000
13541 -12.252123 -67.783264 59.215687 1.000000
13542 -12.202253 -68.483612 57.604603 1.000000
13543 -11.430163 -68.905579 56.838379 1.000000
13654 -42.459148 -31.059092 48.782333 1.000000
13792 -59.843403 -29.004574 29.947210 1.000000
13793 -60.908672 -29.640484 30.234375 1.000000
13794 -60.754742 -29.165426 29.374233 1.000000
13795 -61.917408 -28.969452 27.125814 1.000000
13796 -62.270344 -29.552811 27.888752 1.000000
13797 -62.703247 -29.909723 26.949545 1.000000
13798 -63.115944 -30.865316 26.881744 1.000000
13799 -62.931286 -30.316967 25.907837 1.000000
14311 -8.095085 -74.026077 42.289295 1.000000
14329 -22.065632 -71.581551 32.420822 1.000000
14331 -22.340023 -70.413216 31.155066 1.000000
14332 -6.645207 -51.731438 60.615723 1.000000
14333 -6.665488 -51.640095 59.443077 1.000000
14334 -7.164684 -52.481983 59.724052 1.000000
14335 -7.552837 -54.733082 57.523842 1.000000
14336 -7.592595 -53.999596 57.559593 1.000000
14337 -7.408640 -54.700378 56.451775 1.000000
14338 -7.198586 -54.646309 55.467773 1.000000
14339 -7.350858 -55.317566 55.582893 1.000000
14340 -6.947381 -66.792076 53.007099 1.000000
14341 -7.590615 -65.651634 52.689644 1.000000
14342 -6.614863 -66.766487 51.917610 1.000000
14343 -5.775983 -68.371323 48.821941 1.000000
14344 -6.086703 -66.767059 49.887695 1.000000
14345 -5.926910 -66.880753 48.915970 1.000000
14346 -6.323092 -65.379677 48.798103 1.000000
14347 -5.811732 -66.997032 47.885521 1.000000
14348 -5.645982 -67.087341 46.890312 1.000000
14565 -45.185902 -36.293095 38.713005 1.000000
14568 -45.865757 -26.180050 34.919411 1.000000
14569 -45.823429 -26.911427 33.810661 1.000000
14570 -46.397499 -26.143515 34.064709 1.000000
14571 -48.243435 -25.648174 32.946323 1.000000
14572 -47.819897 -26.475611 32.760448 1.000000
14573 -48.720085 -26.844513 32.448986 1.000000
14574 -49.375618 -28.047083 32.620831 1.000000
14575 -49.671364 -27.290771 32.322338 1.000000
14576 -50.749882 -27.664555 32.398048 1.000000
14577 -50.044350 -26.489111 32.096031 1.000000
14581 -51.998222 -24.467878 31.494303 1.000000
14628 -21.583000 -57.014935 63.409729 1.000000
14629 -21.718439 -56.144550 62.853577 1.000000
14630 -23.674587 -55.116497 63.325859 1.000000
14631 -23.485626 -56.002296 64.094315 1.000000
14632 -24.502140 -55.782074 64.392311 1.000000
14633 -25.276331 -56.578632 64.712265 1.000000
14634 -25.506987 -55.555187 64.550362 1.000000
14635 -28.761860 -47.357979 61.397747 1.000000
14636 -29.433167 -48.434105 62.184608 1.000000
14637 -30.037998 -48.147072 61.562031 1.000000
14638 -34.101883 -49.532398 60.796631 1.000000
14639 -33.402157 -49.634369 61.704346 1.000000
14640 -34.848583 -50.545971 61.141350 1.000000
14641 -35.288483 -51.663105 61.036304 1.000000
14642 -35.928562 -51.576233 60.279198 1.000000
14643 -36.422112 -52.461884 59.353191 1.000000
14644 -36.563499 -51.351337 59.623558 1.000000
14645 -37.086143 -49.792686 58.144135 1.000000
14646 -37.325798 -50.952881 58.037922 1.000000
14647 -37.549164 -50.681679 57.184742 1.000000
14648 -37.240173 -51.202374 55.868824 1.000000
14649 -37.692265 -50.374451 56.246441 1.000000
14658 -33.540916 -36.948746 49.859917 1.000000
14659 -33.330597 -37.561016 50.646828 1.000000
14660 -32.356529 -37.920918 49.387115 1.000000
14661 -32.138405 -41.553448 48.006531 1.000000
14662 -31.840460 -40.850861 48.761250 1.000000
14663 -32.709831 -42.136448 48.947536 1.000000
14664 -33.302956 -42.672913 49.963905 1.000000
14665 -33.952927 -43.164986 49.324207 1.000000
14666 -34.924274 -43.890038 49.526100 1.000000
14667 -34.403690 -43.475502 48.553932 1.000000
14668 -34.642868 -43.797710 46.265907 1.000000
14669 -35.241154 -44.146900 47.115284 1.000000
14670 -35.736973 -44.643257 46.356819 1.000000
14671 -36.113701 -45.749622 46.162525 1.000000
14672 -35.872097 -45.232189 45.302605 1.000000
14673 -35.548012 -45.734791 44.051891 1.000000
14674 -35.625797 -44.853996 44.616386 1.000000
14675 -33.875496 -43.249245 43.173206 1.000000
14676 -34.894405 -44.083458 43.161339 1.000000
14677 -34.657818 -43.685863 42.362843 1.000000
14678 -35.168331 -44.170235 41.206631 1.000000
14679 -34.540291 -43.311676 41.451012 1.000000
14680 -35.756889 -35.272411 36.176563 1.000000
14681 -35.686394 -36.613976 36.403526 1.000000
14682 -36.557644 -36.320538 36.285164 1.000000
14683 -39.446129 -38.163750 37.362686 1.000000
14684 -38.611614 -38.394470 37.109364 1.000000
14685 -39.692112 -39.392010 37.583344 1.000000
14686 -39.848766 -40.370773 37.856682 1.000000
14687 -40.642944 -40.191551 38.031647 1.000000
14745 -12.279341 -49.226410 69.597977 1.000000
14746 -12.803744 -48.938351 70.436012 1.000000
14747 -17.970846 -48.686123 64.394066 1.000000
14748 -17.426609 -49.222069 65.286850 1.000000
14750 -16.630228 -51.842400 60.187115 1.000000
14751 -16.289707 -51.343269 61.628609 1.000000
14752 -16.090181 -52.245399 61.127892 1.000000
14753 -15.645450 -52.708275 62.028557 1.000000
14754 -16.061859 -52.933411 60.885815 1.000000
14755 -16.169065 -53.503216 60.536781 1.000000
14756 -16.796413 -53.398888 60.076210 1.000000
14757 -19.873100 -54.696388 60.162464 1.000000
14758 -19.049305 -54.902092 59.947243 1.000000
14760 -20.112003 -56.488304 61.440651 1.000000
15097 -55.255226 -38.253300 44.891193 1.000000
15098 -55.341808 -39.655178 45.272102 1.000000
15099 -55.941406 -38.433804 44.614594 1.000000
15100 -57.207451 -38.015747 42.614616 1.000000
15101 -56.714294 -39.010731 43.322044 1.000000
15102 -56.715862 -39.353916 42.337902 1.000000
15103 -56.144356 -40.851597 41.608513 1.000000
15104 -56.527832 -39.850502 41.198956 1.000000
15105 -55.291359 -38.406425 33.171223 1.000000
15106 -55.494549 -39.512871 34.082283 1.000000
15107 -54.964600 -39.818787 33.425289 1.000000
15108 -54.066338 -42.909466 32.081429 1.000000
15109 -54.735634 -42.414955 32.819756 1.000000
15111 -55.610573 -44.433125 31.953312 1.000000
15236 -23.327965 -61.923138 51.962646 1.000000
16087 -41.764137 -50.405529 37.554260 1.000000
16089 -42.664890 -51.296875 38.177940 1.000000
16109 -7.765971 -73.091614 49.981651 1.000000
16110 -8.336851 -74.258072 48.834671 1.000000
16111 -8.588757 -74.048798 49.870239 1.000000
16112 -11.020559 -73.896896 49.521572 1.000000
16113 -10.668677 -74.629951 49.171429 1.000000
16114 -11.667849 -74.343765 48.772957 1.000000
16115 -12.334471 -74.511757 48.009228 1.000000
16116 -12.613029 -73.814194 48.321663 1.000000
16117 -12.083357 -69.450256 50.602455 1.000000
16118 -11.748152 -70.555618 49.854004 1.000000
16119 -12.497073 -70.048386 49.074913 1.000000
16120 -14.720589 -70.483810 47.419724 1.000000
16121 -13.937642 -71.218765 47.896667 1.000000
16122 -14.677826 -71.458519 47.523666 1.000000
16123 -14.405706 -72.404419 47.382095 1.000000
16124 -15.046222 -71.649467 46.756115 1.000000
16126 -15.570165 -70.917740 45.926533 1.000000
16127 -16.492996 -68.364960 44.569794 1.000000
16130 -16.905245 -68.765404 41.812820 1.000000
16131 -17.110283 -67.563271 42.498035 1.000000
16132 -11.286582 -56.203064 58.740356 1.000000
16133 -10.996841 -56.373798 58.247948 1.000000
16134 -11.895293 -56.725746 57.945995 1.000000
16135 -12.197289 -60.732616 57.658783 1.000000
16136 -12.406358 -59.330345 57.108013 1.000000
16137 -11.669560 -61.028748 57.140297 1.000000
16138 -11.159504 -61.247589 56.496136 1.000000
16139 -10.573746 -62.511620 57.115925 1.000000
16140 -10.982363 -65.062012 59.893665 1.000000
16141 -11.161751 -63.933563 59.655693 1.000000
16142 -10.154893 -65.647697 59.411629 1.000000
16143 -8.093494 -67.727348 57.008400 1.000000
16144 -8.743053 -66.405357 58.017914 1.000000
16145 -8.170365 -66.617630 57.064949 1.000000
16146 -8.540261 -65.434677 56.783131 1.000000
16147 -7.755208 -66.748314 56.097664 1.000000
16148 -7.462083 -66.874794 55.086693 1.000000
16149 -7.184993 -68.052116 55.042255 1.000000
16150 -7.803903 -71.684708 52.280479 1.000000
16151 -7.198976 -70.650917 52.512306 1.000000
16152 -7.414966 -71.825233 51.350445 1.000000
16153 -7.144763 -71.923111 50.288040 1.000000
16360 -38.551826 -31.174067 35.980965 1.000000
16362 -39.217499 -30.312836 36.128731 1.000000
16363 -40.996208 -28.096241 37.693413 1.000000
16364 -40.681648 -28.671148 36.467369 1.000000
16365 -41.452751 -27.983088 36.682549 1.000000
16366 -42.004757 -28.078150 35.660648 1.000000
16367 -42.228859 -27.335125 36.933052 1.000000
16374 -43.957626 -26.443226 37.597542 1.000000
16375 -44.937180 -26.146475 37.987743 1.000000
16376 -45.197842 -26.154291 36.876842 1.000000
16377 -45.883186 -25.925262 38.338005 1.000000
16380 -48.824787 -25.269707 39.685070 1.000000
16382 -49.884872 -25.003845 40.220131 1.000000
16427 -20.055012 -48.837780 58.647961 1.000000
16428 -21.089739 -49.832233 58.293457 1.000000
16429 -20.980888 -48.822498 58.284435 1.000000
16433 -25.063534 -48.445873 59.411171 1.000000
16434 -24.381170 -47.814705 58.707611 1.000000
16466 -36.265034 -36.171692 50.734215 1.000000
16467 -36.481407 -35.822678 49.678055 1.000000
16468 -33.765343 -35.625923 45.600960 1.000000
16469 -33.782158 -35.912315 46.747578 1.000000
16470 -32.615513 -36.215996 45.385719 1.000000
16471 -31.499157 -37.246254 45.126961 1.000000
16472 -31.622066 -36.879295 44.039040 1.000000
16473 -31.032129 -37.580956 43.016762 1.000000
16474 -31.747660 -36.501942 43.088417 1.000000
16475 -33.515362 -34.513332 41.786129 1.000000
16476 -32.353329 -35.471188 41.292259 1.000000
16477 -32.810951 -34.915253 40.584938 1.000000
16478 -32.336685 -35.477150 39.541969 1.000000
16479 -33.299286 -34.346985 39.909237 1.000000
16480 -38.677742 -31.616192 45.156898 1.000000
16481 -37.220539 -32.200336 44.329468 1.000000
16482 -37.552528 -31.559040 43.819763 1.000000
16484 -35.777321 -31.843897 40.923248 1.000000
16485 -35.220421 -32.191994 39.591373 1.000000
16486 -34.368610 -33.233757 38.813232 1.000000
16487 -34.893200 -32.703011 38.347679 1.000000
16488 -34.892754 -33.448456 37.306690 1.000000
16489 -35.503052 -32.220039 37.820641 1.000000
16490 -37.764324 -30.561726 37.437542 1.000000
16491 -36.881500 -31.576283 36.853111 1.000000
16492 -37.723488 -31.322535 36.347706 1.000000
16554 -19.344898 -46.321087 66.341629 1.000000
16560 -19.185440 -49.039608 59.117065 1.000000
16897 -59.123970 -32.524971 37.478474 1.000000
16898 -59.210999 -33.374714 38.013229 1.000000
16899 -59.736805 -32.889271 37.127415 1.000000
16900 -61.044872 -33.295734 34.988060 1.000000
16901 -60.356438 -33.864784 35.912300 1.000000
16902 -60.223866 -34.319191 35.216015 1.000000
16903 -59.441475 -35.218452 35.352184 1.000000
16904 -59.912750 -34.753006 34.481209 1.000000
16905 -62.418812 -31.111469 30.989925 1.000000
16906 -62.362953 -31.667276 32.083279 1.000000
16907 -62.579205 -32.175682 31.209604 1.000000
16908 -59.796875 -34.061108 30.781351 1.000000
16909 -60.605053 -33.984577 31.684793 1.000000
16910 -59.218525 -34.697788 31.835999 1.000000
16911 -58.784374 -35.328625 32.755943 1.000000
16912 -58.064362 -35.392445 31.906183 1.000000
16913 -56.914284 -36.217915 32.285015 1.000000
16914 -57.179787 -35.550068 31.293024 1.000000
16915 -55.632103 -35.668385 29.262568 1.000000
16916 -55.379051 -36.261688 30.095407 1.000000
16917 -54.706139 -36.786266 29.580938 1.000000
16918 -53.960938 -37.921535 30.097469 1.000000
16919 -53.967426 -37.259106 29.234451 1.000000
17069 -36.373516 -76.821609 36.335114 1.000000
18472 -9.799814 -75.890694 47.082844 1.000000
18473 -9.637145 -76.031677 46.192608 1.000000
18474 -10.668116 -76.232773 46.375927 1.000000
18475 -14.372368 -76.700516 45.764198 1.000000
18477 -14.599790 -76.688385 45.276360 1.000000
18479 -15.952026 -76.821854 44.773552 1.000000
18519 -11.620248 -48.159367 55.962685 1.000000
18520 -7.720840 -48.408432 55.452156 1.000000
18521 -8.652064 -48.110123 54.896107 1.000000
18522 -7.228850 -48.102165 54.424461 1.000000
18525 -6.858052 -51.391335 57.265739 1.000000
18526 -6.617987 -50.594471 57.000282 1.000000
18527 -7.044282 -51.296745 56.224781 1.000000
18528 -6.714181 -52.403431 53.096306 1.000000
18529 -7.204694 -51.253998 54.115154 1.000000
18535 -6.889453 -54.387096 49.485554 1.000000
18536 -5.990108 -53.751495 49.236340 1.000000
18537 -7.185469 -54.257526 48.481609 1.000000
18539 -8.656492 -54.525867 47.828304 1.000000
18540 -10.685457 -56.463947 56.980396 1.000000
18541 -9.400463 -56.220989 57.266968 1.000000
18542 -10.495764 -56.446350 56.348949 1.000000
18543 -10.893777 -57.200359 54.307911 1.000000
18544 -10.097350 -56.455860 54.889545 1.000000
18545 -10.008235 -56.501343 54.159508 1.000000
18546 -8.872941 -56.025280 54.093361 1.000000
18547 -10.071592 -56.427357 53.272839 1.000000
18548 -9.355227 -63.512207 51.970390 1.000000
18549 -10.497023 -62.064716 52.545197 1.000000
18550 -10.291484 -62.209667 51.649944 1.000000
18551 -11.804881 -59.337452 49.861004 1.000000
18552 -11.837687 -59.063637 50.913116 1.000000
18553 -11.792360 -57.478638 50.640064 1.000000
18554 -10.618489 -56.341564 51.494698 1.000000
18555 -11.020247 -56.323334 50.501911 1.000000
18556 -10.118612 -55.570549 50.446140 1.000000
18557 -11.386976 -56.478271 49.509014 1.000000
18558 -11.091476 -58.617016 46.406609 1.000000
18559 -11.569001 -57.000999 47.383656 1.000000
18560 -11.321978 -57.358650 46.280514 1.000000
18562 -10.881185 -57.739479 45.250278 1.000000
18563 -10.191480 -57.994781 44.271954 1.000000
18564 -9.751322 -59.034863 44.459137 1.000000
19198 -49.495369 -42.421875 43.702198 1.000000
19199 -49.757915 -43.385456 44.213348 1.000000
19201 -51.072681 -42.491985 45.244274 1.000000
19202 -50.647690 -41.468796 44.747406 1.000000
19203 -46.744957 -39.484661 42.103752 1.000000
19204 -47.609669 -40.020901 42.444092 1.000000
19205 -47.549702 -39.401466 42.966591 1.000000
19206 -50.096607 -38.509216 43.753113 1.000000
19207 -49.577995 -39.241756 44.145775 1.000000
19208 -50.688793 -39.185753 44.480980 1.000000
19209 -51.357410 -39.820637 45.157818 1.000000
19210 -51.874428 -39.038143 44.844261 1.000000
19211 -53.000069 -38.805042 45.161324 1.000000
19212 -52.428417 -38.290993 44.124180 1.000000
19213 -52.972546 -36.261696 41.498878 1.000000
19214 -53.419872 -36.541603 42.425915 1.000000
19215 -53.874268 -35.663502 41.514603 1.000000
19216 -54.873833 -35.095341 41.550632 1.000000
19217 -54.261372 -34.826561 40.718941 1.000000
19224 -46.397465 -34.591133 36.508282 1.000000
19225 -46.772514 -33.938480 35.794411 1.000000
19226 -46.666645 -29.245630 32.899940 1.000000
19227 -46.259544 -30.130926 33.160606 1.000000
19228 -47.282726 -30.498236 33.178658 1.000000
19229 -50.006416 -32.676445 35.194801 1.000000
19231 -49.583778 -33.529442 35.843555 1.000000
19232 -49.087044 -34.250488 36.610176 1.000000
19233 -50.252327 -34.255692 37.096081 1.000000
19234 -50.967697 -34.751698 38.316570 1.000000
19235 -51.460918 -34.029942 37.462250 1.000000
19236 -54.492592 -32.809063 37.190350 1.000000
19237 -53.969452 -33.605518 37.980511 1.000000
19238 -55.138374 -33.250420 38.149788 1.000000
19239 -55.541710 -33.452011 39.021210 1.000000
19240 -56.189625 -32.867195 38.245899 1.000000
19241 -57.242714 -32.573910 38.121834 1.000000
19242 -56.780762 -32.132454 37.407265 1.000000
19243 -56.678070 -30.169575 35.710655 1.000000
19244 -57.705578 -30.691187 36.173267 1.000000
19245 -57.926857 -30.085749 35.520859 1.000000
19246 -58.966377 -30.117008 35.227047 1.000000
19247 -58.066154 -29.682323 34.884464 1.000000
19248 -52.858440 -28.298458 32.867947 1.000000
19249 -53.781395 -28.959503 33.761959 1.000000
19250 -53.948730 -28.450989 32.977501 1.000000
19251 -56.294415 -27.751516 32.268837 1.000000
19252 -56.217072 -28.460485 33.031517 1.000000
19253 -57.193310 -28.521887 32.794975 1.000000
19254 -57.981915 -29.061176 33.174973 1.000000
19255 -57.848583 -28.634983 32.205391 1.000000
19256 -58.417381 -28.787546 31.550770 1.000000
19257 -57.690357 -27.976816 31.406841 1.000000
19258 -56.355042 -25.992065 30.307123 1.000000
19259 -57.283600 -26.823084 30.386730 1.000000
19260 -56.708015 -26.467773 29.654980 1.000000
19261 -57.089325 -26.789692 28.900894 1.000000
19262 -56.155144 -25.875362 28.886292 1.000000
19279 -52.519318 -24.112133 45.879265 1.000000
19280 -53.755238 -23.577675 46.409935 1.000000
19282 -53.667583 -24.047340 44.059914 1.000000
19283 -53.474438 -23.776133 43.042992 1.000000
19284 -52.186089 -24.017803 41.539879 1.000000
19285 -53.299244 -23.336100 42.018188 1.000000
19304 -55.196056 -20.327404 40.061302 1.000000
19306 -54.277576 -21.206457 39.947361 1.000000
19307 -53.187733 -22.092489 39.823887 1.000000
19308 -53.286461 -21.541693 38.583626 1.000000
19309 -52.313679 -21.932087 37.107708 1.000000
19310 -53.437660 -21.154163 37.288139 1.000000
19311 -54.576141 -19.777197 35.257298 1.000000
19321 -54.901283 -19.687372 31.241108 1.000000
19322 -54.461437 -20.575378 31.098572 1.000000
19323 -54.612572 -20.845011 30.258245 1.000000
19324 -54.557457 -22.234339 29.785076 1.000000
19397 -17.751429 -63.580437 61.687096 1.000000
19398 -17.932806 -64.727737 60.784233 1.000000
19399 -18.509394 -63.531471 61.609581 1.000000
19400 -20.562031 -62.393288 61.891296 1.000000
19401 -20.005857 -63.306343 61.116447 1.000000
19402 -20.694418 -62.993153 60.769203 1.000000
19403 -20.616840 -63.198437 59.546120 1.000000
19404 -21.388342 -62.468395 60.430767 1.000000
19405 -22.572496 -58.836487 64.453110 1.000000
19406 -22.123602 -59.832558 64.061195 1.000000
19407 -23.006485 -59.760242 63.742908 1.000000
19408 -23.960859 -59.718914 60.980579 1.000000
19409 -23.350918 -60.364502 61.511574 1.000000
19410 -23.254602 -60.445026 60.318443 1.000000
19411 -22.644888 -61.209145 59.617706 1.000000
19412 -23.236469 -60.516174 59.195320 1.000000
19413 -23.149544 -60.497826 57.958630 1.000000
19415 -26.039637 -58.195965 58.574089 1.000000
19417 -25.912689 -58.402729 57.523865 1.000000
19418 -25.541059 -58.530560 56.266945 1.000000
19419 -26.568323 -57.905296 57.132141 1.000000
19420 -23.799906 -51.178394 59.363243 1.000000
19421 -23.897516 -52.175575 60.035908 1.000000
19422 -24.971832 -51.641693 60.582214 1.000000
19423 -27.746786 -52.289955 63.352684 1.000000
19424 -26.862751 -52.825268 63.220142 1.000000
19425 -27.726843 -53.633766 63.891315 1.000000
19426 -27.554989 -54.834572 64.313072 1.000000
19427 -28.647467 -54.320801 63.950218 1.000000
19428 -31.009760 -50.599754 62.978905 1.000000
19429 -30.170624 -50.835342 63.099243 1.000000
19432 -31.482330 -54.018311 62.747673 1.000000
19434 -29.829784 -55.489674 62.685333 1.000000
19435 -30.196583 -55.812641 61.650291 1.000000
19437 -30.312763 -55.975639 60.449989 1.000000
19438 -30.340998 -56.365314 57.418526 1.000000
19439 -29.668381 -56.509258 57.945812 1.000000
19440 -29.052280 -56.743603 56.812035 1.000000
19441 -27.838873 -57.178810 56.114204 1.000000
19442 -28.406475 -56.879261 55.523720 1.000000
19443 -27.726068 -56.896667 54.198841 1.000000
19444 -28.809788 -56.524433 54.909996 1.000000
19445 -30.595209 -55.254406 54.217205 1.000000
19446 -29.432781 -55.629028 53.702534 1.000000
19447 -29.639683 -55.127281 53.004738 1.000000
19448 -28.706860 -55.041321 51.676247 1.000000
19450 -35.360912 -53.250916 56.910461 1.000000
19451 -34.221497 -53.842201 56.224609 1.000000
19452 -34.206429 -53.136139 55.524494 1.000000
19453 -31.536480 -52.202431 51.695057 1.000000
19454 -31.689030 -52.829700 52.544323 1.000000
19455 -30.526239 -52.585835 51.187080 1.000000
19460 -29.913486 -50.653679 47.215534 1.000000
19462 -28.995630 -50.601101 45.663406 1.000000
19496 -32.918167 -38.677231 51.876579 1.000000
19497 -33.334190 -38.060669 52.831860 1.000000
19498 -32.487286 -38.976467 52.150719 1.000000
19499 -31.249613 -41.161701 51.689049 1.000000
19500 -31.151382 -39.793751 51.713173 1.000000
19501 -30.516321 -40.086182 51.394390 1.000000
19502 -30.164196 -38.927544 51.488483 1.000000
19503 -29.933319 -40.443367 51.198673 1.000000
19505 -30.234156 -41.821217 51.759644 1.000000
19506 -33.249664 -44.491520 54.375725 1.000000
19507 -31.777597 -44.150497 53.735786 1.000000
19508 -32.964989 -45.032764 54.940269 1.000000
19509 -32.453701 -45.484932 55.483074 1.000000
19513 -37.767677 -46.917488 54.717396 1.000000
19514 -37.702080 -47.407486 55.611565 1.000000
19515 -38.113136 -48.225483 54.345917 1.000000
19516 -37.817448 -49.465157 53.959801 1.000000
19517 -37.551064 -48.982380 52.802544 1.000000
19518 -36.603580 -45.636772 50.083424 1.000000
19519 -37.095715 -45.996864 51.198921 1.000000
19520 -37.007416 -46.673016 50.030357 1.000000
19521 -34.177013 -48.102673 48.019955 1.000000
19522 -35.485249 -48.295036 49.343475 1.000000
19523 -34.448170 -48.721722 49.005539 1.000000
19524 -34.793953 -49.309837 49.946636 1.000000
19525 -33.324348 -49.054447 48.699615 1.000000
19526 -32.481148 -49.551949 48.282181 1.000000
19527 -32.100990 -48.874062 47.362366 1.000000
19535 -30.310080 -47.380836 37.886963 1.000000
19540 -33.772877 -45.623440 41.040565 1.000000
19541 -32.603333 -45.742268 40.263664 1.000000
19542 -32.969292 -45.467964 39.394024 1.000000
19543 -33.366474 -45.667107 35.755966 1.000000
19544 -32.608929 -45.862347 36.392540 1.000000
19545 -32.993259 -46.486710 35.120548 1.000000
19555 -30.884409 -39.136272 41.344990 1.000000
19556 -31.202633 -40.339977 41.723503 1.000000
19557 -31.217510 -39.859489 40.779270 1.000000
19558 -33.072773 -40.552769 39.098110 1.000000
19559 -32.666687 -41.031658 39.975170 1.000000
19560 -33.745537 -41.579765 39.783607 1.000000
19561 -34.674038 -42.490429 39.894905 1.000000
19562 -34.959587 -42.103981 39.254333 1.000000
19563 -35.885719 -39.136707 37.051205 1.000000
19564 -35.017033 -39.363068 37.310814 1.000000
19565 -36.261635 -40.269413 37.540489 1.000000
19566 -38.189369 -42.569458 37.870598 1.000000
19567 -37.242931 -42.031555 38.112129 1.000000
19568 -37.542675 -42.737823 37.965912 1.000000
19569 -36.999741 -43.083771 38.008053 1.000000
19570 -37.649204 -43.488777 37.164795 1.000000
19585 -42.855354 -42.273750 39.455193 1.000000
19739 -12.410519 -48.547649 60.658150 1.000000
19740 -11.349047 -49.025261 59.866249 1.000000
19741 -11.411515 -49.210934 61.117249 1.000000
19744 -12.459318 -48.943668 65.514252 1.000000
19745 -8.679066 -50.629246 65.369766 1.000000
19746 -9.793786 -50.070797 64.498573 1.000000
19747 -8.634047 -50.336876 63.994648 1.000000
19748 -8.723248 -50.011803 62.579994 1.000000
19749 -7.569901 -50.485649 63.274426 1.000000
19750 -6.803361 -50.737141 62.389061 1.000000
19751 -7.034175 -51.197258 63.740639 1.000000
19752 -7.819366 -53.264729 64.835487 1.000000
19753 -7.276020 -52.843140 63.984058 1.000000
19754 -7.869100 -53.681019 63.757557 1.000000
19755 -8.016747 -54.076008 62.514904 1.000000
19756 -8.537830 -54.293266 63.276417 1.000000
19762 -13.780531 -49.865730 71.182541 1.000000
19763 -12.834204 -50.187313 70.808067 1.000000
19764 -13.186142 -50.801014 70.466568 1.000000
19765 -16.020470 -50.670837 66.770035 1.000000
19766 -15.932211 -50.526459 68.321701 1.000000
19767 -15.279741 -51.356873 67.369217 1.000000
19768 -13.194364 -53.472393 66.764420 1.000000
19769 -13.504855 -52.690144 67.799301 1.000000
19770 -12.580194 -53.105408 67.694717 1.000000
19771 -12.012857 -52.564308 68.539841 1.000000
19772 -11.608122 -53.313530 67.366135 1.000000
19773 -10.541517 -53.435982 66.881561 1.000000
19774 -11.300656 -53.926167 66.161179 1.000000
19775 -11.746309 -54.436546 62.686302 1.000000
19776 -10.968174 -54.432934 63.534138 1.000000
19777 -10.928171 -54.638531 62.284534 1.000000
19778 -10.133333 -54.817371 61.927376 1.000000
19779 -10.941771 -55.040455 61.158806 1.000000
19780 -10.913324 -55.467968 60.248131 1.000000
19781 -11.583929 -55.220184 60.495800 1.000000
19782 -13.908836 -55.480450 59.169891 1.000000
19783 -13.206244 -55.695301 59.118904 1.000000
19784 -14.064404 -56.175354 58.829235 1.000000
19785 -14.146276 -57.144825 58.726154 1.000000
19786 -14.744390 -57.045338 58.971550 1.000000
19787 -16.709812 -55.024300 59.429199 1.000000
19788 -15.995771 -55.051758 59.389336 1.000000
19789 -16.947506 -55.765553 59.244549 1.000000
19790 -17.070936 -58.740227 60.094494 1.000000
19791 -16.612652 -57.822124 59.526714 1.000000
19792 -16.218878 -58.868645 59.862366 1.000000
19793 -15.472209 -58.911003 59.621727 1.000000
19794 -15.745081 -59.883045 60.283241 1.000000
19795 -15.145662 -60.877357 60.698799 1.000000
19796 -16.078291 -60.820599 60.908497 1.000000
19797 -17.799221 -61.787861 62.202736 1.000000
19798 -16.821392 -62.190575 62.116730 1.000000
19799 -17.299137 -62.874489 62.099663 1.000000
19800 -16.689383 -63.992573 61.613396 1.000000
20812 -50.922638 -46.199806 45.422192 1.000000
20813 -51.348167 -47.599529 45.561817 1.000000
20814 -51.588409 -46.680996 45.711975 1.000000
20815 -53.228172 -46.121891 44.651169 1.000000
20816 -52.742970 -47.062386 44.606266 1.000000
20817 -53.162426 -47.077644 43.565105 1.000000
20819 -53.529945 -47.091038 42.247509 1.000000
20820 -55.376915 -42.427219 44.413128 1.000000
20821 -54.970589 -43.398449 44.527496 1.000000
20822 -55.154266 -43.837578 43.458397 1.000000
20823 -55.284492 -46.369419 40.068729 1.000000
20824 -55.011169 -46.151016 41.201843 1.000000
20825 -54.817860 -46.971123 40.065647 1.000000
20826 -54.323082 -47.438377 39.978729 1.000000
20827 -54.716057 -47.702175 39.025524 1.000000
20829 -55.095245 -47.938526 38.042580 1.000000
20835 -58.969154 -35.209087 38.836372 1.000000
20836 -58.554401 -35.723309 39.918091 1.000000
20837 -58.414917 -36.357700 38.973858 1.000000
20838 -57.507092 -39.611473 37.709591 1.000000
20839 -57.247478 -38.950199 38.593895 1.000000
20840 -57.215588 -40.362064 38.172577 1.000000
20841 -56.926147 -41.189781 38.619850 1.000000
20842 -57.508564 -41.655579 37.788132 1.000000
20843 -56.932880 -41.127544 34.871544 1.000000
20844 -57.483711 -40.821762 35.508492 1.000000
20881 -60.500984 -27.541422 24.462423 1.000000
20882 -60.951103 -27.689301 23.138073 1.000000
20883 -62.262897 -29.485590 21.287979 1.000000
20884 -62.493858 -29.262119 22.402498 1.000000
20885 -62.616516 -30.141647 22.317997 1.000000
20886 -62.842377 -30.800943 23.426645 1.000000
20887 -62.305420 -30.968250 22.506475 1.000000
20891 -57.120216 -32.270317 23.114218 1.000000
20892 -58.574005 -31.567377 22.147366 1.000000
20893 -58.548523 -32.328522 23.265408 1.000000
20894 -59.957256 -32.531055 23.547735 1.000000
20895 -58.146812 -33.140739 24.439312 1.000000
20896 -57.584908 -33.763168 25.883841 1.000000
20897 -56.401772 -33.912613 25.518524 1.000000
20898 -51.908070 -35.879059 26.928492 1.000000
20899 -53.112007 -35.846371 27.141104 1.000000
20900 -51.809834 -36.877609 27.699558 1.000000
20901 -51.845757 -37.769806 28.378138 1.000000
21217 -18.226091 -65.937363 58.644318 1.000000
21218 -17.820312 -66.522202 57.717480 1.000000
21219 -18.342434 -66.065430 57.455513 1.000000
21220 -19.471926 -65.639069 54.804150 1.000000
21221 -18.750000 -66.096428 54.870087 1.000000
21222 -18.953815 -65.930115 53.851280 1.000000
21223 -17.934175 -65.743759 52.662834 1.000000
21224 -18.874786 -65.500679 52.674633 1.000000
21225 -22.451874 -63.630287 53.642193 1.000000
21226 -21.742607 -64.203217 54.103699 1.000000
21227 -22.171789 -64.347237 53.456787 1.000000
21228 -20.292530 -64.337479 50.341026 1.000000
21229 -20.556177 -64.732437 51.532967 1.000000
21230 -19.429377 -64.579483 50.240059 1.000000
21231 -18.558874 -64.904762 50.129665 1.000000
21232 -18.334610 -64.676453 48.874451 1.000000
21233 -17.301655 -65.322235 47.346729 1.000000
21234 -18.081089 -64.564133 47.475452 1.000000
21235 -18.393908 -63.624817 44.496204 1.000000
21236 -17.895517 -64.551308 44.572617 1.000000
21237 -18.087646 -64.659683 43.231140 1.000000
21238 -18.124922 -65.781067 41.980415 1.000000
21239 -18.485498 -64.723450 41.957382 1.000000
21245 -25.500189 -62.619743 48.473904 1.000000
21246 -25.207773 -63.046379 49.029968 1.000000
21247 -25.244328 -63.248108 47.950153 1.000000
21255 -21.706051 -61.463390 44.225437 1.000000
21256 -20.735748 -61.780010 44.378651 1.000000
21303 -30.246624 -66.800972 41.294422 1.000000
21305 -29.547302 -66.639366 41.067001 1.000000
21306 -28.919342 -66.359848 40.598644 1.000000
21307 -28.947546 -67.357819 40.666512 1.000000
21311 -32.960590 -73.683426 44.363960 1.000000
21313 -32.816353 -72.403839 44.958092 1.000000
21315 -32.144493 -72.307640 44.224701 1.000000
21318 -31.865475 -77.811035 37.671326 1.000000
21320 -31.684917 -74.168961 39.875145 1.000000
21321 -31.262854 -72.598648 41.149750 1.000000
21322 -30.967663 -71.851334 42.648746 1.000000
21323 -30.544012 -71.309464 41.964138 1.000000
21324 -30.250748 -70.271378 42.242729 1.000000
21325 -30.481348 -70.713699 41.073967 1.000000
21327 -30.411423 -69.357895 38.492195 1.000000
21328 -30.355518 -68.668976 36.994720 1.000000
21487 -15.438904 -69.413795 34.469379 1.000000
21488 -15.863531 -69.282959 33.339142 1.000000
21694 -11.332819 -46.494133 50.272125 1.000000
23088 -51.804882 -49.488758 44.261978 1.000000
23093 -13.563174 -68.204895 57.457287 1.000000
23094 -13.694517 -68.331924 55.939125 1.000000
23095 -14.491457 -67.983910 56.782940 1.000000
23096 -15.436673 -67.576920 56.020020 1.000000
23097 -16.253826 -67.182404 55.261486 1.000000
23098 -14.307413 -65.038445 61.111340 1.000000
23099 -13.326233 -65.814423 60.754169 1.000000
23100 -13.916303 -66.591362 60.316231 1.000000
23101 -13.738579 -67.697586 59.142540 1.000000
23251 -59.384155 -27.938309 28.715250 1.000000
23252 -60.450726 -28.611256 28.669605 1.000000
23253 -60.126411 -28.160620 28.004919 1.000000
23254 -60.845684 -28.297369 27.193914 1.000000
23255 -61.563313 -28.468267 26.393520 1.000000
23561 -7.147693 -73.567810 43.878471 1.000000
23574 -20.731073 -69.712631 34.138336 1.000000
23575 -7.462420 -53.488678 60.721550 1.000000
23576 -7.466999 -53.338600 59.729073 1.000000
23577 -7.667720 -54.149559 59.586842 1.000000
23578 -7.680980 -54.818157 58.445801 1.000000
23579 -7.708086 -55.433044 57.493919 1.000000
23580 -6.281661 -69.691345 50.755165 1.000000
23581 -6.133821 -68.144508 50.810966 1.000000
23582 -6.086366 -69.683098 49.628521 1.000000
23583 -5.968312 -69.775513 48.587360 1.000000
23718 -47.506317 -25.065756 35.891304 1.000000
23719 -47.049042 -25.409914 34.451641 1.000000
23720 -47.788235 -24.774412 34.921501 1.000000
23721 -48.225216 -24.720472 33.974735 1.000000
23722 -48.820972 -24.926250 33.146606 1.000000
23723 -49.546768 -25.324429 32.453484 1.000000
23724 -49.402580 -24.215424 33.358963 1.000000
23725 -50.048111 -23.618158 33.576565 1.000000
23753 -20.700851 -54.339531 60.449627 1.000000
23754 -21.781111 -55.205799 62.002827 1.000000
23755 -21.708963 -54.284981 60.985065 1.000000
23756 -22.726570 -54.364239 61.628101 1.000000
23757 -23.820656 -54.238392 62.225746 1.000000
23758 -29.908274 -47.196301 59.802013 1.000000
23759 -30.730570 -48.036522 60.732353 1.000000
23760 -31.455723 -48.107677 59.960960 1.000000
23761 -33.218246 -48.701080 60.139870 1.000000
23762 -34.907787 -49.384972 59.953114 1.000000
23763 -36.207119 -50.279655 59.562550 1.000000
23764 -35.582516 -49.317696 59.259918 1.000000
23765 -36.031780 -48.990410 58.613976 1.000000
23766 -36.560810 -48.716808 58.003227 1.000000
23772 -31.556774 -37.976189 47.241692 1.000000
23773 -31.563375 -38.588352 48.130402 1.000000
23774 -31.172440 -39.481728 47.048038 1.000000
23775 -31.647898 -40.954216 47.085094 1.000000
23776 -32.659164 -42.109375 47.333393 1.000000
23777 -33.832027 -43.073845 47.580864 1.000000
23778 -33.207222 -42.538597 46.654762 1.000000
23779 -33.617973 -42.975552 46.054016 1.000000
23780 -34.074505 -43.446884 45.487988 1.000000
23781 -34.715057 -43.879524 44.752342 1.000000
23782 -33.477001 -43.130486 44.685616 1.000000
23783 -33.059608 -42.846264 43.874580 1.000000
23784 -32.749199 -42.419758 42.905457 1.000000
23785 -37.458786 -34.817039 35.862862 1.000000
23786 -37.417908 -36.084007 36.215122 1.000000
23787 -38.280121 -35.848156 36.203262 1.000000
23788 -39.131458 -36.882866 36.998623 1.000000
23789 -40.214985 -38.061684 37.702438 1.000000
23790 -41.232994 -39.069599 38.142620 1.000000
23825 -17.807262 -49.516685 60.600586 1.000000
23827 -17.403015 -50.466164 59.780762 1.000000
23828 -17.251888 -51.500526 59.379021 1.000000
23829 -17.333267 -52.454048 59.298500 1.000000
23830 -17.609142 -53.367638 59.466473 1.000000
23831 -18.528809 -53.214191 59.050011 1.000000
23832 -19.610308 -53.847900 59.459076 1.000000
24034 -56.137291 -35.972019 43.375294 1.000000
24035 -56.455608 -37.240883 43.920437 1.000000
24036 -56.959362 -36.139141 43.205559 1.000000
24037 -57.511543 -36.603889 42.779057 1.000000
24038 -57.632851 -37.168957 41.922863 1.000000
24040 -54.386089 -40.214333 32.678455 1.000000
24041 -53.728832 -40.664894 31.932281 1.000000
24042 -53.364159 -41.981140 31.848423 1.000000
24124 -26.121943 -62.243980 35.470840 1.000000
24628 -43.182053 -50.383030 38.636761 1.000000
24629 -43.375763 -51.304596 38.736244 1.000000
24630 -44.039379 -51.259453 39.465317 1.000000
24641 -8.661674 -72.558327 51.814552 1.000000
24642 -9.077612 -73.574905 50.735569 1.000000
24643 -9.631465 -72.963821 51.247456 1.000000
24644 -10.458547 -73.114990 50.368553 1.000000
24645 -11.320996 -72.951950 49.592628 1.000000
24646 -13.577730 -68.225807 49.250954 1.000000
24647 -13.278231 -69.432838 48.495773 1.000000
24648 -14.047653 -68.767212 48.135433 1.000000
24649 -14.728930 -69.331436 47.455833 1.000000
24650 -15.362796 -69.751427 46.927010 1.000000
24651 -15.796705 -70.016670 46.234417 1.000000
24652 -15.972229 -68.980736 46.401108 1.000000
24653 -16.351635 -68.233025 45.809803 1.000000
24654 -16.721636 -67.306946 45.127098 1.000000
24655 -12.942709 -57.247486 58.193398 1.000000
24656 -12.631772 -57.471649 57.877087 1.000000
24657 -13.031967 -58.648781 58.217079 1.000000
24658 -12.697875 -60.296162 58.192585 1.000000
24659 -11.822104 -61.935524 58.395622 1.000000
24660 -9.914663 -67.906654 58.413963 1.000000
24661 -9.476506 -67.070641 58.836159 1.000000
24662 -9.098315 -68.246277 57.632957 1.000000
24663 -8.401751 -68.746460 56.683960 1.000000
24664 -7.783660 -69.221436 55.757568 1.000000
24665 -7.346189 -69.230522 54.847298 1.000000
24666 -8.009741 -70.191719 54.358154 1.000000
24667 -8.312866 -71.351181 52.972462 1.000000
24794 -39.306198 -29.504248 37.227089 1.000000
24796 -40.609322 -28.420584 38.710213 1.000000
24797 -41.561234 -27.867346 39.000996 1.000000
24798 -46.135681 -26.466450 44.622200 1.000000
24800 -46.332684 -26.026917 43.674126 1.000000
24805 -48.699596 -25.301884 41.929874 1.000000
24806 -49.840321 -25.155518 42.287613 1.000000
24856 -38.056240 -35.271721 49.107197 1.000000
24857 -36.618599 -35.533272 48.591709 1.000000
24858 -36.615658 -35.324650 47.379429 1.000000
24859 -35.128345 -35.248791 45.783562 1.000000
24860 -33.753731 -35.319881 44.377583 1.000000
24861 -32.801857 -35.556847 43.288696 1.000000
24862 -34.017296 -34.880070 43.613899 1.000000
24863 -34.441097 -34.338387 42.902954 1.000000
24864 -34.787128 -33.695824 42.307228 1.000000
24865 -39.472240 -30.500759 43.998718 1.000000
24866 -37.906395 -31.040939 43.203739 1.000000
24870 -36.319927 -31.267191 38.458534 1.000000
24871 -37.398060 -30.411091 39.248890 1.000000
24872 -38.067860 -29.972483 38.743652 1.000000
25114 -60.178978 -31.340296 35.673786 1.000000
25115 -60.314362 -32.306591 36.204670 1.000000
25116 -60.894463 -31.728008 35.173439 1.000000
25117 -61.421150 -32.220642 34.695076 1.000000
25118 -61.685558 -32.739651 34.002357 1.000000
25119 -62.825935 -32.077354 29.151886 1.000000
25120 -62.509167 -32.668442 30.356091 1.000000
25121 -62.016754 -32.957302 29.402542 1.000000
25122 -60.559711 -33.553658 29.654041 1.000000
25123 -59.014576 -34.112797 29.965555 1.000000
25124 -57.562500 -34.917442 30.295822 1.000000
25125 -58.117897 -34.291836 29.294537 1.000000
25126 -57.164024 -34.631100 28.764669 1.000000
25127 -56.213585 -35.040089 28.349049 1.000000
26059 -11.848302 -75.737740 47.023190 1.000000
26061 -12.961775 -76.006027 46.476334 1.000000
26062 -14.206442 -76.331505 46.085670 1.000000
26086 -11.086900 -48.547859 57.355885 1.000000
26087 -10.634889 -48.397388 56.373375 1.000000
26088 -9.642134 -48.747288 56.843178 1.000000
26089 -8.146912 -48.735153 56.471046 1.000000
26091 -7.326554 -53.152458 55.312695 1.000000
26094 -6.535978 -53.205090 53.113899 1.000000
26097 -5.862238 -53.793053 51.282757 1.000000
26099 -7.943266 -54.768238 49.846935 1.000000
26100 -11.780470 -58.216625 55.719036 1.000000
26101 -11.249919 -57.046589 55.633015 1.000000
26102 -11.487634 -58.400288 55.180275 1.000000
26103 -11.353603 -58.527569 54.461559 1.000000
26104 -11.344439 -58.555260 53.647087 1.000000
26105 -8.671336 -63.299915 49.982185 1.000000
26106 -10.093631 -62.198608 50.625198 1.000000
26107 -9.746644 -62.133953 49.551266 1.000000
26108 -10.780466 -60.906311 49.120296 1.000000
26109 -11.564537 -59.483147 48.771461 1.000000
26110 -11.829187 -58.068031 48.542500 1.000000
26111 -11.147316 -59.674816 47.709400 1.000000
26112 -10.608792 -59.868813 46.688663 1.000000
26496 -48.260262 -43.252167 42.742592 1.000000
26497 -48.757153 -42.439938 42.925850 1.000000
26498 -49.119518 -41.510201 43.321007 1.000000
26499 -47.065460 -37.783134 42.299961 1.000000
26500 -47.786823 -38.591782 43.267822 1.000000
26503 -50.758904 -37.969597 43.095306 1.000000
26504 -51.952656 -37.840584 43.193390 1.000000
26505 -51.362591 -37.389442 42.186420 1.000000
26506 -51.925465 -36.680683 41.337074 1.000000
26507 -52.308685 -35.829006 40.581974 1.000000
26513 -48.793224 -29.780621 33.178097 1.000000
26514 -48.461105 -30.706762 33.421558 1.000000
26515 -49.654747 -30.756927 33.810390 1.000000
26516 -50.452515 -31.729944 34.712223 1.000000
26517 -51.230598 -32.608440 35.728867 1.000000
26518 -52.016357 -33.276653 36.678673 1.000000
26519 -52.496777 -32.473400 36.061069 1.000000
26520 -53.687691 -32.193745 36.342133 1.000000
26521 -54.918762 -31.851812 36.522064 1.000000
26522 -56.105721 -31.588140 36.760235 1.000000
26523 -55.199230 -31.040085 36.052837 1.000000
26524 -55.481346 -30.334560 35.629463 1.000000
26525 -55.737114 -29.780300 35.271339 1.000000
26526 -53.301281 -26.933056 31.698925 1.000000
26527 -54.188305 -27.814289 32.325706 1.000000
26528 -54.377361 -27.063721 31.742809 1.000000
26529 -55.325264 -26.971075 31.788174 1.000000
26530 -56.287743 -26.963100 31.750362 1.000000
26531 -57.015186 -27.169455 31.388952 1.000000
26532 -56.203022 -26.238998 31.291256 1.000000
26533 -55.913765 -25.555473 30.798483 1.000000
26534 -55.485241 -24.984707 30.083130 1.000000
26615 -18.801207 -61.444946 62.432838 1.000000
26616 -19.045498 -62.512268 62.245831 1.000000
26617 -19.539490 -61.464775 62.668762 1.000000
26618 -20.266935 -61.519859 62.754009 1.000000
26619 -21.055302 -61.502880 62.596691 1.000000
26620 -24.477207 -58.603443 64.053787 1.000000
26621 -23.936462 -59.503521 63.378101 1.000000
26622 -24.763466 -59.015617 62.939537 1.000000
26623 -24.762926 -59.056404 61.674450 1.000000
26628 -26.962925 -57.525703 59.235920 1.000000
26629 -25.852310 -50.148155 60.444592 1.000000
26630 -25.969702 -51.055805 61.154198 1.000000
26631 -26.830313 -50.456905 61.586346 1.000000
26632 -27.716114 -51.042664 62.651924 1.000000
26636 -33.523342 -53.353802 61.859291 1.000000
26637 -33.208500 -54.397167 61.317375 1.000000
26639 -31.350067 -55.660015 59.962494 1.000000
26641 -31.672506 -55.958839 58.058006 1.000000
26642 -30.872425 -56.122276 56.847527 1.000000
26643 -30.084717 -56.136223 55.635529 1.000000
26647 -35.298744 -52.038086 55.283684 1.000000
26648 -34.115620 -52.429848 54.767139 1.000000
26649 -33.953350 -51.784645 53.879253 1.000000
26650 -32.660122 -51.724792 52.338337 1.000000
26651 -31.408291 -51.628906 50.763252 1.000000
26652 -30.281412 -51.470051 49.375912 1.000000
26653 -31.255499 -51.129402 49.769196 1.000000
26654 -30.997314 -50.756786 48.720100 1.000000
26655 -30.708462 -50.402523 47.639130 1.000000
26675 -32.586727 -41.255257 51.176373 1.000000
26676 -32.202763 -40.231667 51.742043 1.000000
26677 -32.754345 -41.601032 51.884705 1.000000
26678 -32.440163 -41.960350 52.246540 1.000000
26679 -31.864849 -42.286674 52.341869 1.000000
26680 -31.376623 -42.664085 52.438995 1.000000
26681 -32.650940 -43.207142 53.111340 1.000000
26682 -33.662926 -44.000122 53.919945 1.000000
26685 -36.028748 -45.162498 55.136711 1.000000
26686 -37.017059 -45.854015 54.511059 1.000000
26687 -37.790058 -46.463570 53.518059 1.000000
26688 -36.174988 -46.720764 47.839470 1.000000
26689 -36.298458 -47.164345 48.804008 1.000000
26690 -35.264912 -47.311062 47.441139 1.000000
26691 -33.955914 -47.601864 47.047218 1.000000
26692 -32.782398 -47.872757 46.684643 1.000000
26693 -31.786594 -48.241650 46.286961 1.000000
26696 -30.066822 -47.753674 41.579239 1.000000
26698 -30.167246 -47.372612 40.493099 1.000000
26699 -30.392344 -47.044777 39.515202 1.000000
26700 -30.809574 -46.644600 38.646126 1.000000
26701 -34.352753 -45.033722 39.462700 1.000000
26702 -33.444542 -45.212318 38.783241 1.000000
26703 -33.873802 -44.889687 37.975044 1.000000
26704 -33.840992 -45.043720 36.548882 1.000000
26705 -34.198837 -45.573006 35.312340 1.000000
26707 -35.101376 -45.496025 34.985680 1.000000
26708 -36.020615 -45.384514 34.772293 1.000000
26710 -31.415882 -38.021477 39.455547 1.000000
26711 -31.418324 -39.294491 39.800125 1.000000
26712 -31.874470 -38.805763 38.970592 1.000000
26713 -32.568096 -39.467396 38.548668 1.000000
26714 -33.557724 -40.139690 38.392326 1.000000
26715 -38.233551 -40.875183 37.798927 1.000000
26716 -37.469944 -41.067829 37.894722 1.000000
26717 -38.539276 -41.706963 37.963245 1.000000
26718 -38.789162 -42.369389 37.941994 1.000000
26719 -39.075928 -43.180275 37.495049 1.000000
26732 -45.808960 -44.648949 41.332939 1.000000
26821 -13.507910 -47.928497 62.545250 1.000000
26824 -10.048368 -50.226593 67.072472 1.000000
26825 -9.006272 -50.765064 66.551361 1.000000
26826 -8.051285 -51.296783 65.855446 1.000000
26827 -7.367715 -51.678547 64.968185 1.000000
26828 -7.949647 -51.985668 66.029839 1.000000
26829 -8.123432 -52.743446 65.907219 1.000000
26830 -8.574308 -53.438087 65.590271 1.000000
26833 -16.351177 -47.679890 71.836334 1.000000
26834 -15.835597 -48.837700 71.269211 1.000000
26835 -15.179143 -49.862583 70.663696 1.000000
26836 -15.051497 -52.430988 64.842911 1.000000
26837 -14.743515 -52.297718 66.307755 1.000000
26838 -14.454397 -53.078148 65.343338 1.000000
26839 -13.779378 -53.648083 65.619148 1.000000
26840 -12.990723 -54.000648 65.630371 1.000000
26841 -12.093496 -54.244324 65.391953 1.000000
26842 -12.755383 -54.206596 64.371384 1.000000
26843 -12.574789 -54.326653 62.992512 1.000000
26844 -12.399381 -54.534405 61.601891 1.000000
26845 -12.239847 -54.966301 60.624420 1.000000
26846 -13.007907 -54.724743 60.694996 1.000000
26847 -13.785278 -54.943501 59.791466 1.000000
26848 -14.602655 -55.307331 59.239014 1.000000
26849 -18.496449 -56.668846 60.072803 1.000000
26850 -17.693638 -56.668255 59.632179 1.000000
26851 -18.306324 -57.556953 60.382965 1.000000
26852 -17.951893 -58.523323 60.656921 1.000000
26853 -17.476583 -59.518707 60.866741 1.000000
26854 -17.020153 -60.528942 61.260719 1.000000
26855 -17.912416 -60.241871 61.632439 1.000000
26856 -18.336380 -60.854256 62.248299 1.000000
27463 -51.725555 -44.364086 45.965675 1.000000
27464 -51.968315 -45.637585 45.811359 1.000000
27465 -52.495811 -44.743805 45.904663 1.000000
27466 -53.270988 -44.975033 45.427204 1.000000
27467 -53.883415 -45.271812 44.668171 1.000000
27468 -55.605724 -42.967857 42.043827 1.000000
27471 -55.459221 -45.567909 39.865738 1.000000
27472 -55.554649 -46.580315 39.019951 1.000000
27473 -55.577141 -47.435497 38.062664 1.000000
27474 -55.817680 -46.741158 37.888382 1.000000
27477 -58.569866 -36.291687 37.201744 1.000000
27478 -58.173042 -36.950420 38.027069 1.000000
27479 -57.978638 -37.513054 37.190151 1.000000
27480 -57.665936 -38.855766 37.160465 1.000000
27481 -57.665424 -40.123596 36.967655 1.000000
27482 -57.085754 -43.285530 33.617531 1.000000
27505 -61.332203 -27.791553 21.819284 1.000000
27507 -61.553791 -28.805536 20.296444 1.000000
27508 -61.580360 -29.651941 20.440548 1.000000
27510 -56.810772 -31.006104 21.104246 1.000000
27511 -55.520458 -31.659435 21.987110 1.000000
27512 -55.630714 -32.227535 23.071465 1.000000
27513 -55.481373 -32.965588 24.200808 1.000000
27514 -55.209557 -33.795452 25.312393 1.000000
27515 -53.833183 -33.701813 25.182623 1.000000
27517 -50.661369 -35.971832 26.728754 1.000000
27706 -19.381588 -64.663574 57.754539 1.000000
27707 -18.880016 -65.405678 57.103600 1.000000
27708 -19.554697 -64.796875 56.695549 1.000000
27709 -19.806902 -64.957993 55.555794 1.000000
27710 -20.221914 -65.187599 54.628490 1.000000
27711 -23.115681 -63.955242 52.356087 1.000000
27712 -22.408672 -64.448135 52.589973 1.000000
27713 -22.484028 -64.361465 51.522606 1.000000
27714 -21.281574 -64.161575 50.421711 1.000000
27715 -20.071869 -63.879833 49.054321 1.000000
27716 -18.936937 -63.975365 47.665543 1.000000
27717 -19.736485 -63.472675 47.658241 1.000000
27718 -19.343210 -63.140205 46.101799 1.000000
27719 -19.080856 -62.833508 44.496674 1.000000
27724 -26.038015 -62.571350 47.072861 1.000000
27729 -21.258244 -60.787140 40.671814 1.000000
27759 -31.051159 -66.961136 41.446903 1.000000
27760 -30.175894 -68.018402 41.867958 1.000000
27767 -31.691944 -77.421097 36.625629 1.000000
27769 -31.969645 -74.700394 36.784065 1.000000
27990 -8.772232 -47.188435 52.413666 1.000000
27991 -10.252458 -47.094395 51.828979 1.000000
28925 -10.661766 -69.955147 54.118568 1.000000
28926 -10.827328 -70.410530 52.473427 1.000000
28927 -11.356061 -69.679245 53.234852 1.000000
28928 -12.021637 -69.256439 52.438801 1.000000
28929 -12.642767 -68.608864 51.641792 1.000000
28930 -13.519391 -68.320854 54.278160 1.000000
28931 -13.422417 -68.035660 52.717854 1.000000
28932 -13.357374 -67.941177 50.847015 1.000000
28933 -14.203745 -67.397636 50.354385 1.000000
28934 -15.002611 -66.898102 49.947289 1.000000
28935 -15.794858 -66.302406 49.654804 1.000000
28936 -13.698705 -61.249493 60.108746 1.000000
28937 -13.058199 -61.852959 59.925587 1.000000
28938 -12.729692 -62.831726 60.526329 1.000000
28939 -11.764115 -64.490891 60.371624 1.000000
28940 -11.106572 -66.148071 59.966839 1.000000
28941 -12.414732 -66.566055 60.298412 1.000000
28942 -11.567343 -67.100662 59.703766 1.000000
28943 -10.738356 -67.550316 59.113281 1.000000
28944 -10.653293 -68.571251 57.808266 1.000000
28945 -10.657868 -69.400124 56.004780 1.000000
29044 -41.797630 -29.308569 43.265675 1.000000
29047 -43.937386 -28.440384 44.220905 1.000000
29052 -47.226795 -26.224594 46.224159 1.000000
29053 -48.299801 -25.441847 46.815582 1.000000
29101 -42.713299 -30.549414 48.201683 1.000000
29103 -40.510132 -30.545120 45.290833 1.000000
29104 -40.965576 -30.094593 44.710117 1.000000
29293 -60.142284 -29.834991 31.970526 1.000000
29294 -61.142540 -30.382120 32.379761 1.000000
29295 -61.064838 -30.039347 31.319403 1.000000
29296 -61.849781 -30.269165 30.586985 1.000000
29297 -62.481892 -30.616571 29.834127 1.000000
29298 -61.539055 -29.319534 28.688877 1.000000
29299 -62.453041 -30.081024 28.766872 1.000000
29300 -62.860718 -30.990423 28.964249 1.000000
29301 -63.015850 -31.468460 27.988245 1.000000
29302 -62.970753 -31.817516 26.917400 1.000000
29303 -62.635937 -32.133297 25.900284 1.000000
30026 -14.837062 -74.778694 42.675503 1.000000
30049 -6.781109 -50.022114 59.827171 1.000000
30050 -6.716388 -49.973202 58.741356 1.000000
30051 -6.456643 -50.763588 59.148266 1.000000
30052 -6.723024 -51.535992 58.355461 1.000000
30053 -7.304296 -52.276405 57.484802 1.000000
30054 -7.608717 -53.286572 58.638893 1.000000
30057 -7.264196 -53.946594 55.370796 1.000000
30058 -6.900152 -54.568481 54.456371 1.000000
30059 -7.108147 -55.129028 53.760651 1.000000
30060 -8.843645 -64.659340 54.446156 1.000000
30061 -9.707811 -63.407249 53.904999 1.000000
30062 -8.728882 -64.749367 53.413322 1.000000
30063 -8.453583 -64.699562 52.333290 1.000000
30064 -8.040987 -64.473068 51.244160 1.000000
30065 -6.348708 -66.758934 50.771149 1.000000
30066 -6.802504 -65.393730 50.611320 1.000000
30067 -7.616606 -64.306778 50.320293 1.000000
30068 -7.299951 -64.133659 49.412651 1.000000
30069 -7.054366 -64.156357 48.413334 1.000000
30070 -6.915170 -64.280807 47.487167 1.000000
30071 -6.805385 -64.393593 46.435631 1.000000
30072 -6.024978 -65.579994 46.748333 1.000000
30374 -46.072384 -37.856426 41.677002 1.000000
30378 -44.546181 -27.362326 34.367558 1.000000
30379 -44.758205 -28.456867 33.631817 1.000000
30380 -45.254269 -27.701574 33.678959 1.000000
30381 -46.094742 -28.042410 33.042957 1.000000
30382 -47.056080 -28.312984 32.769825 1.000000
30383 -47.034828 -26.246449 33.334667 1.000000
30384 -47.407692 -27.368359 32.771294 1.000000
30385 -48.058220 -28.629156 32.815147 1.000000
30386 -49.106899 -28.814728 32.965660 1.000000
30387 -50.148872 -29.091339 33.176525 1.000000
30388 -51.302227 -29.276867 33.415749 1.000000
30389 -52.487965 -29.437572 33.786846 1.000000
30390 -51.635956 -28.654392 33.013832 1.000000
30391 -51.825539 -27.982666 32.616833 1.000000
30392 -52.016457 -27.320526 32.133461 1.000000
30393 -50.328522 -25.702124 32.044868 1.000000
30394 -51.212433 -26.186737 31.812494 1.000000
30395 -52.215496 -26.630106 31.732309 1.000000
30396 -52.523926 -25.756466 31.401752 1.000000
30461 -20.619183 -57.793102 62.848164 1.000000
30462 -20.951084 -58.726917 63.762562 1.000000
30463 -21.364626 -57.793640 63.698933 1.000000
30464 -22.088120 -57.844116 64.306931 1.000000
30465 -22.964695 -57.818287 64.674858 1.000000
30466 -22.602367 -56.093468 63.610168 1.000000
30467 -23.232981 -56.930992 64.605118 1.000000
30468 -23.936760 -57.794067 64.717369 1.000000
30469 -24.918003 -57.597290 64.493347 1.000000
30470 -25.852192 -57.332939 64.229172 1.000000
30471 -26.787674 -56.886780 63.890869 1.000000
30474 -28.841085 -48.701546 62.447243 1.000000
30475 -30.253109 -49.488762 62.690376 1.000000
30477 -31.744970 -48.922989 61.782734 1.000000
30478 -32.599655 -49.892448 62.403564 1.000000
30481 -35.377159 -52.879078 60.628227 1.000000
30482 -35.579296 -53.924446 59.421040 1.000000
30483 -35.099850 -54.369091 58.169472 1.000000
30484 -35.917229 -53.553028 58.809071 1.000000
30485 -36.165508 -53.111519 58.178967 1.000000
30486 -36.414963 -52.612007 57.421394 1.000000
30487 -37.039886 -51.159111 58.839592 1.000000
30488 -37.146084 -51.953144 57.782024 1.000000
30489 -36.435532 -52.202446 56.548126 1.000000
30490 -36.392643 -51.719666 55.638081 1.000000
30491 -36.165588 -51.283661 54.562080 1.000000
30492 -35.932079 -50.820808 53.404552 1.000000
30504 -35.620857 -36.861019 52.618885 1.000000
30505 -35.026558 -37.119026 53.248779 1.000000
30506 -34.376400 -37.398945 52.007240 1.000000
30507 -33.236809 -38.213295 51.380840 1.000000
30508 -32.385918 -39.317467 50.741283 1.000000
30509 -31.629694 -39.267742 48.951302 1.000000
30510 -31.895014 -39.981758 49.722851 1.000000
30511 -32.204250 -40.712978 50.429729 1.000000
30512 -32.815548 -42.014656 50.569771 1.000000
30513 -33.691593 -42.982349 51.047615 1.000000
30514 -34.817520 -43.797340 51.396431 1.000000
30515 -35.748009 -44.461555 51.640938 1.000000
30516 -35.483349 -44.217766 50.492157 1.000000
30517 -35.862705 -44.695934 49.814583 1.000000
30518 -36.259438 -45.128090 49.044346 1.000000
30519 -34.863556 -43.789959 47.822651 1.000000
30520 -35.728504 -44.611774 48.079865 1.000000
30521 -36.423820 -45.609577 48.225716 1.000000
30522 -36.148285 -46.204922 46.939198 1.000000
30523 -35.314373 -46.441113 45.545692 1.000000
30524 -34.127838 -46.365398 44.053963 1.000000
30525 -33.138760 -46.148254 42.641891 1.000000
30526 -34.483898 -46.103153 43.406059 1.000000
30527 -34.663139 -45.791367 42.561161 1.000000
30528 -34.960133 -45.514259 41.779362 1.000000
30529 -35.258976 -44.430737 43.849308 1.000000
30530 -35.458755 -45.031334 42.712456 1.000000
30531 -35.022480 -45.162617 41.032318 1.000000
30532 -35.171368 -44.817883 40.417023 1.000000
30533 -35.297443 -44.435047 39.773735 1.000000
30534 -35.534992 -44.081631 39.129223 1.000000
30535 -34.054836 -36.025723 36.893536 1.000000
30536 -33.919586 -37.357143 37.019768 1.000000
30537 -34.775635 -36.945545 36.652473 1.000000
30538 -35.685505 -37.886444 36.690166 1.000000
30539 -36.744659 -38.756897 36.854965 1.000000
30540 -37.465706 -37.306702 36.637596 1.000000
30541 -37.691307 -38.555851 36.923840 1.000000
30542 -37.916660 -39.760620 37.286255 1.000000
30543 -39.050602 -40.626133 37.763344 1.000000
30544 -39.984596 -41.333984 38.177837 1.000000
30545 -40.798290 -41.920879 38.428596 1.000000
30546 -41.502491 -42.551449 38.919853 1.000000
30547 -41.501175 -41.693878 38.700188 1.000000
30548 -42.264862 -41.505642 38.946835 1.000000
30626 -11.789770 -49.450993 68.623856 1.000000
30627 -11.178945 -50.091923 69.179268 1.000000
30628 -10.938065 -50.722046 69.445343 1.000000
30629 -17.963844 -48.290695 67.787270 1.000000
30630 -17.369190 -48.857227 68.504379 1.000000
30631 -17.466093 -49.098747 66.983803 1.000000
30632 -16.754372 -49.937569 66.072098 1.000000
30633 -16.075846 -50.775471 65.128075 1.000000
30634 -16.718206 -50.394371 62.420341 1.000000
30636 -15.596191 -51.683861 64.195045 1.000000
30637 -15.342753 -52.579365 63.390179 1.000000
30638 -15.226824 -53.219482 62.663918 1.000000
30639 -15.161051 -53.674999 61.873310 1.000000
30640 -15.035334 -54.065346 60.901611 1.000000
30641 -15.611734 -53.803795 60.848534 1.000000
30642 -16.386791 -54.255970 59.958946 1.000000
30643 -17.467373 -55.066612 59.610645 1.000000
30644 -17.875893 -54.137127 59.666588 1.000000
30645 -18.186743 -55.008442 59.787567 1.000000
30646 -18.436188 -55.881519 59.958874 1.000000
30647 -19.323454 -56.637440 60.731762 1.000000
30648 -20.016222 -57.303223 61.823067 1.000000
31120 -54.268715 -40.525970 45.934803 1.000000
31121 -54.492432 -41.770252 45.844692 1.000000
31122 -54.953888 -40.873726 45.629108 1.000000
31123 -55.423439 -41.034122 44.998127 1.000000
31124 -55.764931 -41.316826 44.126625 1.000000
31125 -56.453011 -38.683292 44.083931 1.000000
31126 -56.193848 -40.128273 43.852451 1.000000
31127 -55.896015 -41.623787 42.994976 1.000000
31128 -55.891407 -41.903950 41.874001 1.000000
31129 -56.021881 -42.257263 40.529453 1.000000
31130 -56.240852 -42.785149 39.271996 1.000000
31131 -56.730541 -37.820763 34.353901 1.000000
31132 -56.917896 -38.872700 35.135674 1.000000
31133 -56.241497 -39.181347 34.610527 1.000000
31134 -56.160637 -40.377174 34.548752 1.000000
31135 -56.289368 -41.473042 34.251854 1.000000
31137 -55.558796 -41.883045 33.583519 1.000000
31138 -56.282051 -42.693413 33.678181 1.000000
31139 -56.312592 -43.867836 32.843941 1.000000
31161 -52.418236 -31.790783 21.817270 1.000000
31309 -21.825413 -62.069561 56.003746 1.000000
31310 -21.392124 -63.133839 55.248829 1.000000
31311 -21.984974 -62.480110 54.780468 1.000000
31312 -22.284010 -62.752632 53.783195 1.000000
31313 -22.957806 -63.090290 53.070862 1.000000
31314 -22.938463 -61.583397 52.855415 1.000000
31315 -23.207472 -62.467182 52.522247 1.000000
31316 -23.481405 -63.265850 52.525230 1.000000
31319 -24.060219 -63.657787 49.962204 1.000000
32504 -8.921271 -75.202179 47.924839 1.000000
32505 -9.992369 -75.572693 47.781506 1.000000
32506 -9.666020 -74.570694 49.685089 1.000000
32507 -10.302801 -75.175949 48.572716 1.000000
32508 -10.989741 -75.512001 47.739525 1.000000
32509 -12.012824 -75.164436 47.559631 1.000000
32510 -13.010221 -74.661667 47.254993 1.000000
32511 -13.864032 -74.042564 46.730431 1.000000
32512 -11.068770 -70.949997 50.789299 1.000000
32513 -11.563540 -71.816307 49.587143 1.000000
32514 -12.284311 -72.531090 48.909317 1.000000
32515 -13.186716 -70.717453 48.305920 1.000000
32516 -13.162247 -71.917664 48.360687 1.000000
32517 -12.993521 -72.951118 48.476028 1.000000
32518 -13.587015 -73.140381 47.918697 1.000000
32519 -14.091013 -73.203629 47.141068 1.000000
32520 -14.609759 -73.432610 45.963970 1.000000
32524 -15.862801 -70.133286 45.045284 1.000000
32525 -15.989016 -70.453262 43.562378 1.000000
32529 -17.985046 -67.933525 39.772438 1.000000
32530 -9.549416 -55.776611 59.555614 1.000000
32531 -9.164827 -55.892738 58.951576 1.000000
32532 -10.024286 -56.165600 58.570702 1.000000
32533 -10.809305 -56.401165 57.587933 1.000000
32534 -11.656836 -56.928040 56.813984 1.000000
32535 -12.423972 -57.690601 57.386608 1.000000
32536 -12.271228 -57.849438 56.814533 1.000000
32537 -12.076383 -58.119232 56.344433 1.000000
32538 -11.667081 -59.771202 56.003365 1.000000
32539 -10.727593 -61.453514 55.795586 1.000000
32540 -9.865199 -62.994415 55.618755 1.000000
32541 -12.219193 -62.467857 59.564564 1.000000
32542 -11.431149 -62.983246 59.108593 1.000000
32543 -10.646131 -63.427513 58.468853 1.000000
32544 -9.426415 -66.098000 58.830799 1.000000
32545 -9.594995 -64.926041 58.477806 1.000000
32546 -10.001639 -63.762951 57.794128 1.000000
32547 -9.540563 -64.044785 57.064129 1.000000
32548 -9.169226 -64.324448 56.246651 1.000000
32549 -8.928707 -64.503098 55.477581 1.000000
32550 -8.118039 -65.692314 54.888580 1.000000
32551 -7.240799 -66.875198 54.075298 1.000000
32552 -6.656983 -68.073708 52.939125 1.000000
32553 -7.094246 -69.315186 53.834118 1.000000
32554 -6.791405 -69.426926 52.776741 1.000000
32555 -6.528240 -69.558578 51.756958 1.000000
32556 -6.654694 -70.819717 50.539799 1.000000
32557 -7.025136 -72.089127 49.162048 1.000000
32823 -39.961555 -29.506763 36.273720 1.000000
32824 -40.681679 -29.583044 35.524883 1.000000
32825 -41.505291 -29.850037 34.935001 1.000000
32826 -42.061169 -29.064322 34.854599 1.000000
32829 -42.133644 -28.327499 41.320522 1.000000
32830 -42.288403 -27.813894 40.451927 1.000000
32831 -42.422550 -27.358517 39.485367 1.000000
32836 -43.491127 -26.909357 36.190056 1.000000
32837 -43.989307 -27.103222 35.169827 1.000000
32838 -44.701424 -26.603436 35.526466 1.000000
32839 -45.473686 -26.189672 35.864536 1.000000
32840 -46.376671 -25.800562 36.320683 1.000000
32842 -47.066952 -25.680872 37.787914 1.000000
32843 -47.269341 -25.441830 36.810055 1.000000
32844 -48.183857 -24.967859 37.378841 1.000000
32845 -49.094894 -24.477110 37.908112 1.000000
32846 -50.009777 -23.994295 38.383400 1.000000
32903 -20.119184 -50.747211 58.373615 1.000000
32904 -21.495234 -51.594978 58.570099 1.000000
32905 -21.265507 -50.734737 58.438438 1.000000
32906 -22.485178 -50.599701 58.660938 1.000000
32909 -23.366096 -49.320797 58.676788 1.000000
32910 -24.708652 -49.824715 59.518532 1.000000
32911 -25.490582 -49.159725 59.979988 1.000000
32912 -26.042080 -48.660130 60.388355 1.000000
32913 -26.415918 -48.138206 60.892315 1.000000
32921 -25.732239 -47.600323 60.046631 1.000000
32922 -26.731455 -47.770252 61.017262 1.000000
32923 -27.075474 -47.426899 61.056129 1.000000
32927 -27.687359 -45.884876 59.071526 1.000000
32928 -28.742859 -46.499489 59.628437 1.000000
32929 -29.265331 -46.542824 58.880138 1.000000
32931 -30.523642 -46.648415 57.580070 1.000000
32950 -38.212807 -35.898411 53.821480 1.000000
32952 -35.986588 -36.539913 51.733299 1.000000
32953 -34.940285 -36.483215 50.292152 1.000000
32954 -33.770451 -36.491291 48.922173 1.000000
32955 -35.159019 -35.807770 48.199474 1.000000
32956 -33.840931 -36.164837 47.857990 1.000000
32957 -32.605305 -36.905575 47.503220 1.000000
32958 -31.572180 -37.495628 46.214550 1.000000
32959 -30.972092 -38.389946 45.112194 1.000000
32960 -30.816029 -39.331951 44.058235 1.000000
32961 -31.002048 -40.120430 43.374775 1.000000
32962 -30.751266 -38.876808 43.116463 1.000000
32963 -30.802658 -38.385593 42.091042 1.000000
32964 -30.930817 -37.869659 41.114704 1.000000
32965 -32.012188 -35.990463 42.202702 1.000000
32966 -31.493000 -36.544880 41.116253 1.000000
32967 -31.221180 -37.237850 40.174931 1.000000
32968 -31.652924 -36.756390 39.374504 1.000000
32969 -32.264000 -36.140488 38.662518 1.000000
32970 -32.917839 -35.629444 37.967651 1.000000
32971 -37.014854 -32.887836 44.707966 1.000000
32972 -35.965641 -32.906517 43.361191 1.000000
32973 -35.097836 -33.029957 41.881298 1.000000
32974 -36.566105 -31.613781 42.401802 1.000000
32975 -35.339470 -32.452450 41.371071 1.000000
32976 -34.359581 -33.314270 40.541912 1.000000
32977 -33.866798 -33.747849 39.357483 1.000000
32978 -33.585129 -34.348961 38.295635 1.000000
32979 -33.664436 -35.150871 37.422558 1.000000
32980 -34.430317 -34.714981 36.961437 1.000000
32981 -35.199738 -34.323669 36.534008 1.000000
32982 -35.962776 -33.966663 36.224781 1.000000
32983 -36.137409 -31.889267 37.261284 1.000000
32984 -36.317158 -32.705074 36.422417 1.000000
32985 -36.806763 -33.717613 35.941490 1.000000
32986 -37.653904 -33.558853 35.715130 1.000000
33072 -19.035145 -49.979500 58.690422 1.000000
33499 -58.061737 -33.467365 39.274696 1.000000
33500 -58.349266 -34.147549 40.024609 1.000000
33501 -58.755562 -33.817215 39.023758 1.000000
33502 -59.203320 -34.262367 38.448277 1.000000
33503 -59.354744 -34.781361 37.871555 1.000000
33504 -60.178997 -33.326530 36.632431 1.000000
33505 -59.779076 -34.344818 36.941132 1.000000
33506 -59.256123 -35.242924 37.099991 1.000000
33507 -58.985809 -35.730396 36.257092 1.000000
33508 -58.595074 -36.134441 35.461784 1.000000
33509 -58.064068 -36.528008 34.673782 1.000000
33510 -61.934185 -31.155880 32.739738 1.000000
33511 -62.162029 -32.141441 33.040672 1.000000
33512 -61.688679 -33.327106 33.216564 1.000000
33513 -61.968132 -33.200649 31.399685 1.000000
33514 -61.360126 -33.748699 32.405533 1.000000
33515 -60.599281 -34.260544 33.489700 1.000000
33516 -59.386482 -35.128048 33.681942 1.000000
33517 -58.415661 -35.886566 33.700470 1.000000
33518 -57.441425 -36.744350 33.954033 1.000000
33519 -56.708485 -37.005695 33.396400 1.000000
33520 -55.934563 -37.180080 32.708496 1.000000
33521 -55.144257 -37.528671 32.031803 1.000000
33522 -56.277721 -35.804134 30.641636 1.000000
33523 -55.233410 -36.833260 31.012775 1.000000
33717 -35.581451 -77.165268 37.827065 1.000000
35436 -15.665652 -70.884277 34.927696 1.000000
35458 -8.617465 -75.374062 45.985832 1.000000
35463 -12.321179 -76.326134 44.412575 1.000000
35464 -13.852077 -75.994400 44.226685 1.000000
35467 -16.206022 -75.857437 45.159851 1.000000
35472 -16.920544 -77.179436 44.871223 1.000000
35516 -10.905073 -47.845104 53.885742 1.000000
35517 -10.085015 -48.229061 55.446636 1.000000
35518 -9.758341 -47.981300 54.436962 1.000000
35519 -9.262486 -47.614887 53.431213 1.000000
35520 -7.656165 -47.383556 53.003895 1.000000
35523 -6.666632 -49.912281 57.662708 1.000000
35524 -6.640761 -49.757240 56.625000 1.000000
35541 -8.707483 -55.944569 58.279469 1.000000
35542 -8.395688 -55.935863 57.494946 1.000000
35543 -8.124132 -55.877922 56.533447 1.000000
35544 -10.280445 -56.507366 55.622723 1.000000
35545 -9.026060 -56.184898 55.690407 1.000000
35546 -7.996809 -55.797840 55.622314 1.000000
35547 -7.900243 -55.708527 54.841339 1.000000
35548 -7.866765 -55.625740 53.912895 1.000000
35549 -8.039929 -55.516125 53.075317 1.000000
35550 -10.460932 -61.856422 53.433552 1.000000
35551 -11.079351 -60.363667 53.118336 1.000000
35552 -11.616705 -58.686138 52.768291 1.000000
35553 -11.154747 -60.675415 51.274158 1.000000
35554 -11.806144 -58.821861 51.900276 1.000000
35555 -11.288206 -57.239647 52.544933 1.000000
35556 -10.270967 -56.378807 52.388145 1.000000
35557 -9.219889 -55.845348 52.258904 1.000000
35558 -8.270048 -55.454639 52.117073 1.000000
35559 -8.658895 -55.255421 51.221519 1.000000
35560 -9.057692 -55.055885 50.211765 1.000000
35561 -9.481279 -54.972572 49.189686 1.000000
35562 -11.576066 -56.661858 48.413174 1.000000
35563 -11.000248 -55.641258 48.347054 1.000000
35564 -9.924471 -54.921562 48.118034 1.000000
35577 -6.560330 -64.459824 45.420280 1.000000
35578 -6.149753 -64.426743 44.486755 1.000000
36341 -50.483368 -45.194794 45.077641 1.000000
36343 -50.046604 -44.294727 44.732506 1.000000
36344 -50.838066 -44.350559 45.495342 1.000000
36345 -51.346565 -43.417927 45.745617 1.000000
36346 -51.976746 -42.436066 45.954704 1.000000
36347 -52.662830 -41.497234 46.016491 1.000000
36348 -47.705791 -40.773586 41.944519 1.000000
36349 -48.514648 -40.691479 42.787827 1.000000
36350 -49.261456 -40.648277 43.682777 1.000000
36351 -48.516228 -39.281410 43.808449 1.000000
36352 -49.353825 -39.948196 44.048302 1.000000
36353 -50.082123 -40.672131 44.437233 1.000000
36354 -50.925453 -40.652584 45.078686 1.000000
36355 -52.040611 -40.707588 45.609283 1.000000
36356 -53.209545 -40.631859 46.023838 1.000000
36357 -53.717957 -39.538429 45.745850 1.000000
36358 -54.183044 -38.487453 45.147083 1.000000
36359 -54.648388 -37.558598 44.362968 1.000000
36360 -52.965405 -37.441734 43.354759 1.000000
36361 -53.995960 -36.945717 43.400398 1.000000
36362 -55.069714 -36.481270 43.498596 1.000000
36363 -55.516743 -35.463066 42.547909 1.000000
36364 -55.948223 -34.550304 41.557262 1.000000
36365 -56.503975 -33.946869 40.589684 1.000000
36373 -47.130234 -35.330250 37.753716 1.000000
36374 -48.232540 -35.510410 38.237255 1.000000
36377 -46.458458 -32.104862 34.194557 1.000000
36378 -48.072834 -31.624405 33.865852 1.000000
36379 -47.612823 -32.429443 34.375011 1.000000
36380 -47.189102 -33.137356 35.015965 1.000000
36381 -47.903721 -34.176933 36.184216 1.000000
36382 -48.672859 -34.956493 37.382641 1.000000
36383 -49.397339 -35.574604 38.790947 1.000000
36384 -50.579510 -35.549507 39.184429 1.000000
36385 -51.662987 -35.336742 39.545906 1.000000
36386 -52.761890 -34.989281 39.755867 1.000000
36387 -52.714165 -33.789734 37.731777 1.000000
36388 -53.313774 -34.267078 38.845402 1.000000
36389 -53.826942 -34.597145 39.849236 1.000000
36390 -54.878548 -34.087292 39.822624 1.000000
36391 -55.994598 -33.643559 39.803337 1.000000
36392 -57.052071 -33.430946 39.689274 1.000000
36393 -57.633900 -32.965046 38.750969 1.000000
36394 -58.233238 -32.483498 37.974758 1.000000
36395 -58.814869 -31.852718 37.005959 1.000000
36396 -57.283966 -31.312649 36.766533 1.000000
36397 -58.365791 -31.219580 36.609844 1.000000
36398 -59.346588 -31.205692 36.230644 1.000000
36399 -59.662682 -30.660889 35.475883 1.000000
36400 -59.750690 -30.239334 34.636814 1.000000
36401 -59.591877 -29.881012 33.718067 1.000000
36402 -53.620644 -29.510910 34.227859 1.000000
36403 -54.722252 -29.461945 34.557858 1.000000
36404 -55.886864 -29.438862 34.656727 1.000000
36405 -55.165394 -28.482660 33.108772 1.000000
36406 -56.094780 -28.994955 33.917107 1.000000
36407 -57.058697 -29.324448 34.460213 1.000000
36408 -58.029396 -29.368277 34.112457 1.000000
36409 -58.699665 -29.443668 33.510834 1.000000
36410 -59.310497 -29.633905 32.742878 1.000000
36411 -59.204853 -29.433905 31.647198 1.000000
36412 -59.089367 -28.887302 30.765451 1.000000
36413 -59.041718 -28.323584 30.164511 1.000000
36414 -57.653217 -27.384617 30.944874 1.000000
36415 -58.253418 -27.562113 30.388317 1.000000
36416 -58.802917 -27.795864 29.584347 1.000000
36417 -58.224792 -27.449787 28.933319 1.000000
36418 -57.653728 -27.006525 28.174961 1.000000
36419 -57.176903 -26.367746 27.369263 1.000000
36428 -50.925335 -23.954512 47.824455 1.000000
36438 -51.205189 -24.394951 45.415451 1.000000
36439 -51.234333 -24.681019 44.155094 1.000000
36440 -51.120754 -24.888885 42.864288 1.000000
36441 -53.769390 -23.903465 45.194275 1.000000
36442 -52.473366 -24.561186 43.453575 1.000000
36443 -51.105206 -24.843805 41.805244 1.000000
36444 -51.090107 -24.522142 40.918140 1.000000
36468 -56.107735 -20.086029 42.546501 1.000000
36469 -55.147900 -21.303789 42.413189 1.000000
36470 -54.342377 -22.353271 42.327515 1.000000
36471 -53.218098 -22.725384 40.955597 1.000000
36472 -52.095661 -22.957533 39.527973 1.000000
36473 -51.129494 -23.143608 37.868431 1.000000
36475 -51.405590 -22.331244 35.473701 1.000000
36477 -53.615227 -20.829428 36.056068 1.000000
36482 -53.607445 -22.518444 31.021479 1.000000
36485 -55.400330 -18.886812 34.568306 1.000000
36487 -55.421947 -18.753744 33.506767 1.000000
36488 -54.635490 -19.568764 33.211872 1.000000
36489 -54.238972 -20.343122 31.968897 1.000000
36490 -54.063423 -21.506760 31.035004 1.000000
36491 -54.141865 -22.865345 30.637894 1.000000
36492 -54.530109 -23.249311 30.226095 1.000000
36493 -54.828804 -23.656834 29.848118 1.000000
36494 -55.059887 -24.080639 29.273540 1.000000
36496 -54.960468 -22.943760 28.706623 1.000000
36497 -55.367882 -24.562166 28.678518 1.000000
36581 -16.657103 -65.995377 60.273628 1.000000
36582 -17.032637 -66.674545 59.199696 1.000000
36583 -17.425770 -65.900925 60.077049 1.000000
36584 -18.104025 -65.620499 59.786194 1.000000
36585 -18.692394 -65.241348 59.399788 1.000000
36586 -19.242832 -63.482117 61.414177 1.000000
36587 -19.261112 -64.279373 60.217918 1.000000
36588 -19.308542 -64.648552 59.036793 1.000000
36589 -19.895369 -63.936462 58.639343 1.000000
36590 -20.534672 -63.281380 58.193970 1.000000
36591 -21.166368 -62.590099 57.788502 1.000000
36592 -21.316162 -59.735710 63.933830 1.000000
36593 -21.596056 -60.622131 63.380207 1.000000
36594 -21.832991 -61.311882 62.313148 1.000000
36595 -23.310589 -60.266518 62.673462 1.000000
36596 -22.608040 -60.967121 61.909370 1.000000
36597 -22.041073 -61.767590 61.216511 1.000000
36598 -22.065395 -61.885620 60.074585 1.000000
36599 -21.946236 -61.889404 58.781075 1.000000
36600 -21.773434 -61.969421 57.420372 1.000000
36601 -22.354998 -61.236675 57.006401 1.000000
36603 -23.430265 -59.968456 56.199799 1.000000
36604 -24.570549 -59.333992 58.265480 1.000000
36605 -24.394764 -59.489075 57.084919 1.000000
36606 -23.962635 -59.505230 55.804005 1.000000
36607 -24.529217 -59.098305 55.410656 1.000000
36608 -25.097639 -58.692852 55.012093 1.000000
36610 -22.734846 -52.417473 59.523460 1.000000
36611 -23.886259 -53.236908 61.024384 1.000000
36612 -24.855370 -53.837036 62.688629 1.000000
36613 -25.983288 -52.167274 62.026867 1.000000
36614 -25.926636 -53.280312 63.053093 1.000000
36615 -25.745829 -54.437305 63.965706 1.000000
36616 -26.532955 -55.198341 64.469582 1.000000
36617 -27.256077 -55.868885 64.293175 1.000000
36618 -27.810131 -56.285278 63.579063 1.000000
36621 -29.649853 -52.567787 63.494152 1.000000
36624 -29.684879 -53.742554 63.614399 1.000000
36625 -29.301626 -54.912884 63.563286 1.000000
36626 -28.726055 -55.830376 63.222618 1.000000
36627 -28.038086 -56.568520 62.475536 1.000000
36631 -30.136683 -56.170860 59.157043 1.000000
36632 -28.867855 -56.753712 58.485840 1.000000
36633 -27.658463 -57.322693 57.826088 1.000000
36634 -27.160839 -57.442284 56.633904 1.000000
36635 -26.804358 -57.694874 55.319080 1.000000
36636 -26.413452 -57.718842 53.971180 1.000000
36638 -27.110754 -56.940716 52.857300 1.000000
36639 -27.394537 -56.468151 52.301659 1.000000
36640 -29.164454 -56.076466 54.437859 1.000000
36641 -28.278265 -56.007313 53.069019 1.000000
36642 -27.617886 -55.990601 51.669331 1.000000
36646 -34.122810 -54.478527 56.786938 1.000000
36647 -32.996460 -54.354713 55.419567 1.000000
36649 -32.944740 -52.975056 54.022011 1.000000
36658 -29.205013 -51.393902 47.985218 1.000000
36690 -31.129034 -46.373543 56.878826 1.000000
36700 -34.390575 -37.403160 53.559570 1.000000
36702 -32.779591 -37.745049 53.540600 1.000000
36703 -31.858130 -39.385933 52.173820 1.000000
36704 -31.733862 -38.537167 52.445320 1.000000
36705 -31.789593 -37.685238 52.981651 1.000000
36706 -31.013470 -37.622864 52.475960 1.000000
36707 -30.056198 -37.699081 52.004230 1.000000
36708 -29.032955 -37.937817 51.644753 1.000000
36709 -28.573238 -39.537712 51.139717 1.000000
36711 -28.963924 -42.684547 52.398125 1.000000
36712 -30.876596 -43.111195 52.650074 1.000000
36713 -30.340107 -43.595634 53.053581 1.000000
36714 -29.677820 -44.075420 53.575603 1.000000
36716 -31.792822 -45.982159 56.111774 1.000000
36717 -32.999046 -46.892384 57.181641 1.000000
36719 -35.846626 -47.654076 57.539997 1.000000
36720 -37.014446 -48.290051 57.291546 1.000000
36722 -37.455776 -47.914452 56.442253 1.000000
36723 -37.874126 -49.179234 56.455544 1.000000
36724 -37.841877 -49.953720 55.130157 1.000000
36725 -36.969917 -50.297279 53.613934 1.000000
36726 -35.569622 -50.351978 52.054047 1.000000
36727 -36.689472 -45.264854 52.101582 1.000000
36728 -37.495129 -46.150723 52.401672 1.000000
36729 -37.619064 -47.426903 52.126732 1.000000
36730 -36.457123 -47.606606 49.721569 1.000000
36731 -36.713818 -48.025936 50.703514 1.000000
36732 -37.109901 -48.546669 51.715538 1.000000
36733 -36.233566 -49.380566 51.239357 1.000000
36734 -35.172554 -49.895626 50.872658 1.000000
36735 -34.072487 -50.273037 50.755436 1.000000
36736 -32.786663 -50.174171 49.392372 1.000000
36737 -31.536457 -50.011890 47.850830 1.000000
36738 -30.524420 -49.887096 46.341785 1.000000
36754 -32.246929 -46.027496 41.059261 1.000000
36755 -31.563623 -46.056877 39.410240 1.000000
36756 -31.286968 -46.312653 37.771675 1.000000
36757 -32.580727 -45.519405 37.868095 1.000000
36758 -31.878778 -46.054718 37.098511 1.000000
36759 -31.425945 -46.785789 36.355209 1.000000
36772 -31.342657 -40.818752 42.734566 1.000000
36773 -31.778904 -41.428562 42.274605 1.000000
36774 -32.547672 -41.990295 41.938812 1.000000
36775 -31.839779 -40.483635 40.263626 1.000000
36776 -32.513294 -41.543438 40.900013 1.000000
36777 -33.452084 -42.458733 41.408577 1.000000
36778 -34.477886 -42.920860 40.650124 1.000000
36779 -35.352852 -43.349010 39.718842 1.000000
36780 -35.925465 -43.705700 38.623737 1.000000
36781 -33.989548 -38.607433 37.325752 1.000000
36782 -34.283909 -39.748272 37.779533 1.000000
36783 -34.799976 -40.813877 38.317150 1.000000
36784 -36.747856 -41.263084 38.012608 1.000000
36785 -36.097519 -41.492046 38.317184 1.000000
36786 -35.410809 -41.744499 38.719963 1.000000
36787 -36.062016 -42.568295 38.624260 1.000000
36788 -36.407566 -43.392292 38.204262 1.000000
36789 -36.217480 -43.852730 37.315033 1.000000
36790 -36.586800 -44.117107 36.163403 1.000000
36800 -41.285690 -49.397224 37.019371 1.000000
36801 -42.113609 -49.407291 37.432804 1.000000
36804 -42.892601 -49.452995 37.958076 1.000000
36808 -42.179985 -43.337620 39.307335 1.000000
36811 -43.920593 -43.928085 40.336094 1.000000
36995 -11.304541 -48.772820 58.602379 1.000000
36996 -10.143300 -49.163712 59.183189 1.000000
36997 -8.878202 -49.444817 59.909180 1.000000
36999 -13.604291 -47.957863 63.656654 1.000000
37000 -12.496004 -48.868500 63.032753 1.000000
37001 -11.056051 -49.649818 65.021004 1.000000
37002 -11.200128 -49.591690 63.699409 1.000000
37003 -11.350131 -49.406914 62.354717 1.000000
37004 -10.099013 -49.654823 61.842888 1.000000
37005 -8.763515 -49.731915 61.235451 1.000000
37006 -7.559826 -49.796776 60.560188 1.000000
37007 -6.730799 -50.352917 61.061321 1.000000
37008 -6.501311 -51.194115 61.517017 1.000000
37009 -6.792939 -52.052696 61.791573 1.000000
37010 -7.037033 -52.036369 63.974079 1.000000
37011 -7.009121 -52.507824 62.914509 1.000000
37012 -7.273836 -52.934345 61.871826 1.000000
37013 -7.643832 -53.798656 61.715839 1.000000
37014 -8.153669 -54.483330 61.387665 1.000000
37015 -8.732728 -54.931549 60.971062 1.000000
37022 -12.665110 -49.571732 70.792160 1.000000
37023 -11.879636 -50.452168 70.226929 1.000000
37024 -11.092663 -51.322853 69.463379 1.000000
37025 -16.564451 -49.594357 69.141579 1.000000
37026 -15.691864 -50.274796 69.650589 1.000000
37027 -14.605444 -50.890697 69.825729 1.000000
37028 -14.389305 -52.051857 67.729172 1.000000
37029 -13.998405 -51.772484 68.939407 1.000000
37030 -13.614932 -51.395924 69.845894 1.000000
37031 -12.566994 -51.716412 69.570297 1.000000
37032 -11.530347 -51.962471 69.160423 1.000000
37033 -10.508413 -52.108574 68.551529 1.000000
37034 -9.949625 -52.834663 67.459099 1.000000
37035 -9.498740 -53.501537 66.314438 1.000000
37036 -9.265926 -53.956280 65.125931 1.000000
37037 -11.128630 -54.269836 64.908653 1.000000
37038 -10.116900 -54.318562 64.346512 1.000000
37039 -9.222712 -54.348061 63.855446 1.000000
37040 -9.244282 -54.673267 62.672436 1.000000
37041 -9.404012 -54.965534 61.485016 1.000000
37042 -9.483431 -55.373169 60.438679 1.000000
37043 -10.227201 -55.664928 59.958752 1.000000
37044 -10.949402 -55.907501 59.506287 1.000000
37045 -11.938914 -56.087532 58.965660 1.000000
37046 -12.346205 -55.405571 59.763481 1.000000
37047 -12.572668 -55.833923 59.069466 1.000000
37048 -12.815816 -56.434643 58.548046 1.000000
37049 -13.504023 -57.215736 58.583538 1.000000
37050 -13.970403 -58.183208 58.873096 1.000000
37051 -14.246348 -59.116962 59.396893 1.000000
37052 -15.102656 -54.552357 60.021950 1.000000
37053 -15.284671 -55.157867 59.381329 1.000000
37054 -15.459284 -56.040447 59.158546 1.000000
37055 -16.865789 -56.722572 59.322102 1.000000
37056 -16.141323 -56.879688 59.216736 1.000000
37057 -15.408038 -56.998352 59.159882 1.000000
37058 -15.215582 -57.978920 59.244251 1.000000
37059 -14.794302 -58.966259 59.510139 1.000000
37060 -14.349034 -60.033119 59.920685 1.000000
37061 -14.323903 -60.985943 60.407814 1.000000
37062 -14.443405 -61.929871 61.104778 1.000000
37063 -14.721959 -62.843636 61.601940 1.000000
37064 -16.452686 -61.486706 61.660545 1.000000
37065 -15.766794 -62.545704 61.829292 1.000000
37066 -15.034671 -63.706749 61.682392 1.000000
37067 -15.529749 -64.569199 61.386665 1.000000
37068 -16.102274 -65.360428 60.896313 1.000000
38287 -51.110924 -48.507481 45.377670 1.000000
38288 -51.798668 -48.663406 45.238586 1.000000
38290 -52.187031 -46.908291 45.425179 1.000000
38291 -52.374439 -47.980713 44.667854 1.000000
38296 -54.545086 -43.051826 45.347942 1.000000
38297 -54.502617 -44.353996 44.613571 1.000000
38298 -54.373680 -45.473091 43.579323 1.000000
38299 -55.020611 -45.111641 42.261471 1.000000
38302 -53.910126 -47.184978 41.029533 1.000000
38303 -53.622578 -47.788338 39.881657 1.000000
38314 -58.482796 -35.149975 40.695553 1.000000
38315 -58.149117 -36.369358 41.029045 1.000000
38316 -57.529114 -37.711967 40.870514 1.000000
38317 -57.670799 -37.671898 38.881477 1.000000
38318 -57.290821 -38.334141 39.683247 1.000000
38319 -56.973305 -39.025078 40.449505 1.000000
38320 -56.579994 -40.460388 39.822105 1.000000
38321 -56.664692 -41.951008 39.062595 1.000000
38322 -56.779926 -43.289066 38.206863 1.000000
38323 -57.332558 -39.756523 35.723602 1.000000
38324 -57.710381 -40.519169 36.223633 1.000000
38325 -57.928276 -41.253094 36.678185 1.000000
38326 -58.081665 -42.507610 35.255024 1.000000
38327 -58.156914 -42.207985 36.186512 1.000000
38328 -57.973927 -41.991436 37.121578 1.000000
38329 -57.756744 -42.785664 37.238396 1.000000
38330 -57.350952 -43.719257 37.331623 1.000000
38331 -56.811676 -44.499973 37.425594 1.000000
38332 -56.954845 -45.597717 36.678474 1.000000
38368 -59.897728 -27.376638 25.632427 1.000000
38369 -61.092365 -28.042721 25.467615 1.000000
38370 -61.984627 -28.817448 25.108889 1.000000
38371 -61.977264 -28.431652 22.769825 1.000000
38372 -62.354454 -29.008387 23.760492 1.000000
38373 -62.664165 -29.632122 24.816927 1.000000
38374 -63.065987 -30.542652 24.597355 1.000000
38375 -62.937428 -31.486547 24.567537 1.000000
38376 -62.059105 -32.412811 24.876312 1.000000
38378 -60.415905 -29.725483 19.804483 1.000000
38379 -61.049797 -30.257879 20.806910 1.000000
38380 -58.387489 -30.923740 21.202173 1.000000
38381 -59.947613 -30.971058 21.455118 1.000000
38382 -61.319824 -31.018269 21.804749 1.000000
38383 -61.415703 -31.884531 22.792784 1.000000
38384 -61.156708 -32.642445 24.064951 1.000000
38385 -60.522774 -33.068512 25.482229 1.000000
38386 -58.767040 -33.595173 26.375439 1.000000
38387 -56.983429 -34.372410 27.198400 1.000000
38388 -55.366253 -35.479023 27.914127 1.000000
38389 -54.647316 -34.789192 26.455378 1.000000
38390 -54.260326 -35.710533 27.475098 1.000000
38391 -54.000893 -36.533394 28.316717 1.000000
38392 -52.875793 -37.531887 28.767422 1.000000
38774 -17.049934 -66.926186 57.953438 1.000000
38775 -17.165348 -66.842667 56.570820 1.000000
38776 -17.111933 -66.816452 55.106163 1.000000
38777 -18.477627 -65.989120 56.060066 1.000000
38778 -17.983204 -66.501656 54.972260 1.000000
38779 -17.137310 -66.598679 53.932232 1.000000
38780 -16.978514 -66.119827 52.611137 1.000000
38781 -16.779757 -65.827492 51.279652 1.000000
38782 -16.606297 -65.753685 49.857323 1.000000
38783 -21.199940 -63.944801 54.769691 1.000000
38784 -21.039656 -64.708977 54.411671 1.000000
38785 -20.562840 -65.310661 53.750111 1.000000
38786 -21.560463 -64.838089 52.636303 1.000000
38787 -20.661322 -65.112267 52.716694 1.000000
38788 -19.730297 -65.319626 52.603149 1.000000
38789 -18.719223 -65.081085 51.459919 1.000000
38790 -17.534462 -65.277550 50.048229 1.000000
38791 -16.558033 -65.826202 48.518684 1.000000
38792 -16.701385 -66.093674 47.330688 1.000000
38793 -16.976019 -66.395401 46.099686 1.000000
38794 -17.136328 -66.534531 44.830757 1.000000
38795 -17.897587 -64.510048 45.930676 1.000000
38796 -17.510372 -65.561676 44.679337 1.000000
38797 -17.303890 -66.519272 43.566853 1.000000
38807 -24.924580 -62.739189 49.814747 1.000000
38808 -24.735184 -63.410522 49.617901 1.000000
38809 -23.842220 -63.220695 48.648369 1.000000
38812 -25.649088 -63.105774 46.285156 1.000000
38819 -21.152029 -62.296135 46.069172 1.000000
38820 -19.840805 -62.190662 44.484142 1.000000
38821 -19.037729 -62.762459 42.941048 1.000000
38824 -18.849852 -63.730328 41.605221 1.000000
38825 -19.014187 -64.883324 40.417000 1.000000
38830 -20.913296 -68.585243 33.301929 1.000000
38833 -21.592453 -68.931435 31.769238 1.000000
38834 -22.421509 -69.194237 30.306896 1.000000
38880 -28.323776 -65.857857 39.632660 1.000000
38889 -32.806061 -69.800133 44.330513 1.000000
38893 -32.054802 -74.888092 41.563873 1.000000
38894 -31.844629 -75.969994 38.588295 1.000000
38895 -31.804682 -74.703102 40.727676 1.000000
38896 -31.895681 -73.406555 42.677284 1.000000
38897 -31.516968 -72.135277 43.368721 1.000000
38898 -31.309711 -70.968796 43.586926 1.000000
38899 -31.495152 -69.676064 43.175438 1.000000
38900 -30.810070 -69.500961 42.726891 1.000000
38901 -30.075787 -69.290565 42.221813 1.000000
38902 -29.623856 -68.905083 41.502487 1.000000
38903 -30.443035 -70.080894 39.885826 1.000000
38904 -29.688900 -69.287254 40.116390 1.000000
38905 -29.284857 -68.384598 40.480061 1.000000
38906 -29.053183 -67.634415 39.039219 1.000000
