#!ascii label, resampled from fsaverage7 to fsaverage6
2375
1 31.092215 -47.566460 44.574596 1.000000
18 16.098589 -60.544334 63.601513 1.000000
20 43.754536 -27.489929 37.837532 1.000000
67 7.290796 -58.936562 56.633259 1.000000
68 13.192339 -73.186440 50.257820 1.000000
72 33.917046 -37.559383 38.363052 1.000000
76 58.209145 -26.415277 28.041006 1.000000
101 27.467566 -41.312904 52.570507 1.000000
102 30.944998 -54.517273 58.799389 1.000000
103 21.336521 -44.978050 60.020576 1.000000
134 25.451530 -61.624420 47.604763 1.000000
141 57.730572 -31.454563 45.114910 1.000000
187 8.269442 -55.041431 52.198982 1.000000
188 8.151167 -63.384167 49.132252 1.000000
192 31.989346 -43.727905 40.906311 1.000000
228 24.837223 -42.914154 57.201241 1.000000
240 32.785683 -35.695839 53.179787 1.000000
292 24.414265 -57.941273 63.832928 1.000000
293 23.572052 -56.678711 50.679081 1.000000
294 18.737591 -60.727489 54.622444 1.000000
307 47.633636 -23.113255 38.229961 1.000000
308 54.272858 -26.595346 38.802921 1.000000
309 50.673321 -32.051571 42.469669 1.000000
409 10.203107 -61.152649 61.749268 1.000000
410 12.528353 -67.617027 56.148640 1.000000
411 8.118093 -67.247833 53.582771 1.000000
420 40.835571 -39.999352 35.988770 1.000000
426 52.686798 -31.734585 32.527027 1.000000
463 10.292745 -48.140511 52.401440 1.000000
473 33.932236 -44.944893 51.629089 1.000000
475 35.782837 -46.235878 59.498924 1.000000
480 13.238104 -51.973961 62.137451 1.000000
481 8.135893 -53.146034 63.658897 1.000000
482 7.023497 -49.649395 59.229584 1.000000
491 34.250648 -32.785198 44.774544 1.000000
492 29.961964 -39.821411 45.547890 1.000000
579 56.446980 -23.536663 31.663990 1.000000
580 60.720924 -27.016901 36.642010 1.000000
668 6.807387 -57.146736 48.159973 1.000000
672 32.963547 -45.725109 43.201637 1.000000
772 20.508196 -59.474384 64.344650 1.000000
774 18.586185 -62.189655 60.423058 1.000000
787 45.588814 -25.497715 37.679798 1.000000
788 48.801380 -28.439697 38.058990 1.000000
789 47.143856 -30.527395 39.216061 1.000000
922 8.557323 -60.419250 58.668587 1.000000
923 8.070279 -65.046265 58.497917 1.000000
924 5.911655 -63.683388 55.950451 1.000000
947 56.611279 -23.603491 24.771111 1.000000
951 55.643883 -28.710972 30.268768 1.000000
1037 32.085030 -42.991661 52.615520 1.000000
1038 35.956898 -45.098961 55.422234 1.000000
1039 32.242912 -44.368828 55.919334 1.000000
1040 23.301128 -43.700508 59.441734 1.000000
1042 25.913090 -45.877731 63.356194 1.000000
1043 26.344931 -49.493240 61.382088 1.000000
1051 15.862735 -50.258141 66.432236 1.000000
1052 12.392340 -51.054771 69.041771 1.000000
1053 10.620763 -53.119118 64.031601 1.000000
1056 9.801233 -48.580662 62.567860 1.000000
1058 9.239814 -49.148537 55.876667 1.000000
1075 38.110332 -30.892811 45.703255 1.000000
1076 38.140022 -32.586559 50.334633 1.000000
1077 28.255329 -36.638531 51.656628 1.000000
1078 29.868618 -36.690327 48.803486 1.000000
1079 29.118322 -40.699776 49.790051 1.000000
1080 31.982601 -42.931026 48.187023 1.000000
1238 28.780191 -52.926361 49.425396 1.000000
1240 24.562378 -59.567554 48.724190 1.000000
1245 12.372124 -71.153458 53.204632 1.000000
1246 16.005089 -67.816940 52.949169 1.000000
1247 16.724785 -70.644150 51.173180 1.000000
1283 54.769093 -18.559656 31.550776 1.000000
1284 53.237152 -21.167440 32.860573 1.000000
1285 56.821697 -28.256542 43.320168 1.000000
1286 58.634960 -25.744045 39.234074 1.000000
1287 59.921700 -28.348480 41.734596 1.000000
1288 58.745491 -30.677496 38.535633 1.000000
1289 59.036510 -32.982033 40.838181 1.000000
1489 7.469229 -57.116505 54.246258 1.000000
1490 5.336225 -61.258118 53.453438 1.000000
1491 5.686217 -59.369484 50.853741 1.000000
1492 8.732965 -61.140186 47.020096 1.000000
1498 31.876408 -40.710308 38.715248 1.000000
1500 33.345253 -44.247810 36.627754 1.000000
1506 58.451641 -23.330315 27.230713 1.000000
1560 26.737371 -42.236450 54.803814 1.000000
1582 37.340134 -34.090263 54.629017 1.000000
1678 27.792175 -55.665367 61.893688 1.000000
1680 23.768482 -56.734444 57.522491 1.000000
1682 21.606339 -61.079277 50.420921 1.000000
1705 50.034447 -21.011137 37.791191 1.000000
1706 51.220470 -23.546034 34.801201 1.000000
1707 50.161682 -25.813477 36.882866 1.000000
1708 52.628082 -29.348324 41.033539 1.000000
1709 54.422401 -31.553564 45.451698 1.000000
1915 12.737829 -61.159168 63.300823 1.000000
1916 14.280096 -64.421494 60.858898 1.000000
1917 10.818137 -65.162437 60.441753 1.000000
1918 9.643425 -68.510246 55.533386 1.000000
1919 9.486638 -71.607384 51.650433 1.000000
1920 7.272367 -65.640549 51.316334 1.000000
1922 10.094687 -74.022224 48.414753 1.000000
1937 44.214943 -32.363396 40.159828 1.000000
1956 52.647095 -36.529610 32.549660 1.000000
2069 34.775536 -46.553562 48.384819 1.000000
2070 31.697149 -48.489479 48.615997 1.000000
2071 36.078342 -47.741470 52.266396 1.000000
2072 36.511967 -48.959892 56.514668 1.000000
2073 35.347836 -50.605495 60.250877 1.000000
2074 30.678839 -44.974983 59.240234 1.000000
2075 33.653965 -47.528328 63.245861 1.000000
2076 31.955135 -51.798901 63.154736 1.000000
2077 27.530575 -53.146568 63.720001 1.000000
2078 23.016987 -54.503212 62.232506 1.000000
2079 18.750351 -55.969624 60.866394 1.000000
2087 16.100220 -51.208485 59.681713 1.000000
2088 14.862589 -56.757683 60.365101 1.000000
2089 12.387680 -56.990807 60.085289 1.000000
2090 10.607829 -55.775555 59.354561 1.000000
2091 9.457603 -54.748333 58.819103 1.000000
2092 7.608871 -49.641899 66.104408 1.000000
2093 6.336540 -51.578255 61.999134 1.000000
2094 8.670398 -53.325653 57.614716 1.000000
2095 7.093337 -51.818371 55.770313 1.000000
2096 5.864007 -49.862633 53.373882 1.000000
2105 51.722435 -19.852459 43.219933 1.000000
2106 48.666122 -22.055326 43.246704 1.000000
2107 45.381645 -24.163197 42.249344 1.000000
2115 45.891464 -25.063990 47.516914 1.000000
2117 38.389153 -28.671459 40.903481 1.000000
2118 35.053509 -31.228481 40.362640 1.000000
2119 32.664513 -34.510174 40.557014 1.000000
2120 33.920757 -34.414307 49.489742 1.000000
2121 31.017279 -35.820480 44.718468 1.000000
2122 31.182919 -38.457664 41.778084 1.000000
2123 30.914112 -42.141350 43.658073 1.000000
2124 32.710907 -44.507263 46.374641 1.000000
2318 28.434299 -51.191040 45.729950 1.000000
2327 15.321277 -63.888012 55.648987 1.000000
2329 22.832804 -63.868420 49.144569 1.000000
2374 56.515747 -21.303740 29.331985 1.000000
2375 59.797382 -24.490028 29.707623 1.000000
2376 55.553284 -24.947260 35.133904 1.000000
2377 59.586926 -25.270977 34.149376 1.000000
2378 60.330818 -27.075933 31.641163 1.000000
2379 57.456188 -29.297815 34.430916 1.000000
2380 55.076214 -33.793301 35.786999 1.000000
2384 54.910328 -36.088314 47.376793 1.000000
2385 53.239044 -43.271393 43.145027 1.000000
2386 54.876110 -40.007252 43.748161 1.000000
2387 56.547352 -36.180302 42.530556 1.000000
2587 8.819372 -52.092396 49.144211 1.000000
2591 29.635738 -48.683823 42.975616 1.000000
2592 32.398308 -46.852482 43.993435 1.000000
2692 18.233719 -59.974781 64.043442 1.000000
2693 19.686810 -61.540333 62.703693 1.000000
2694 17.492207 -62.108746 62.894814 1.000000
2707 44.770561 -26.480625 37.928455 1.000000
2708 46.251328 -28.012909 37.645153 1.000000
2709 45.516071 -29.049160 38.111000 1.000000
2842 7.866961 -59.732903 57.543617 1.000000
2843 6.989637 -62.255646 57.620598 1.000000
2844 6.325603 -61.332756 56.547974 1.000000
2857 34.997932 -36.222824 38.233707 1.000000
2859 35.514488 -38.040264 36.857922 1.000000
2867 57.149483 -25.312939 26.679569 1.000000
2868 55.263775 -24.980541 26.117895 1.000000
2869 56.172020 -26.581329 27.614475 1.000000
2870 54.853931 -27.883484 28.406219 1.000000
2871 56.953796 -27.632359 29.245813 1.000000
2957 29.618961 -42.680416 52.741344 1.000000
2958 32.213844 -43.744881 54.258831 1.000000
2959 29.570133 -43.285255 54.167847 1.000000
2960 22.501482 -44.289574 59.865257 1.000000
2961 24.820055 -44.770218 61.406166 1.000000
2962 23.712673 -45.605797 61.470623 1.000000
2963 24.647223 -46.916435 62.173027 1.000000
2964 22.283852 -46.450943 60.926624 1.000000
2972 11.391859 -49.359459 70.774513 1.000000
2973 10.597196 -51.003807 68.948845 1.000000
2974 9.954081 -49.068649 70.327347 1.000000
2995 40.156742 -31.415487 50.846222 1.000000
2996 39.997566 -32.046680 52.726173 1.000000
2998 28.080975 -38.791817 50.551289 1.000000
3000 30.484753 -42.185040 51.062737 1.000000
3165 12.724889 -72.430038 52.170971 1.000000
3166 14.841362 -71.373123 52.740833 1.000000
3167 15.043825 -72.189384 50.969612 1.000000
3203 53.593025 -18.863344 33.627800 1.000000
3204 52.324352 -19.837376 34.183617 1.000000
3205 57.606110 -29.402405 44.710590 1.000000
3206 58.778465 -27.895483 42.830311 1.000000
3207 59.033356 -29.825674 43.540180 1.000000
3208 59.694984 -30.637791 41.684410 1.000000
3209 58.553314 -31.926594 42.973221 1.000000
3442 7.880403 -56.147663 53.133869 1.000000
3443 6.102432 -58.257305 52.513771 1.000000
3444 6.902734 -57.302593 51.415150 1.000000
3445 7.041867 -58.163982 46.264717 1.000000
3446 6.806067 -59.148174 47.600353 1.000000
3457 31.565517 -42.359314 39.553825 1.000000
3458 32.528904 -42.484367 37.473827 1.000000
3459 32.246044 -43.816517 38.565369 1.000000
3595 38.327942 -34.652424 59.748497 1.000000
3757 26.179081 -56.963173 62.990131 1.000000
3758 25.848423 -56.251122 59.936230 1.000000
3759 24.462395 -57.709148 60.818275 1.000000
3762 20.158665 -59.582489 53.668602 1.000000
3764 19.665096 -60.835175 51.965462 1.000000
3802 48.896393 -22.066919 38.183907 1.000000
3803 49.270615 -23.151302 36.228516 1.000000
3804 48.458302 -24.441994 36.754143 1.000000
3805 49.802380 -30.398525 40.201469 1.000000
3806 50.687782 -29.207577 39.565594 1.000000
3807 51.820221 -30.816910 41.738808 1.000000
3808 53.809082 -30.318430 43.235405 1.000000
3809 52.558453 -32.022114 44.035011 1.000000
4207 11.319105 -61.278088 62.874035 1.000000
4208 11.690868 -63.395374 62.454334 1.000000
4209 10.090668 -63.382763 61.776550 1.000000
4210 7.639997 -66.203293 56.223400 1.000000
4211 8.693451 -66.617607 57.288353 1.000000
4212 8.578343 -67.863235 54.679127 1.000000
4213 9.489898 -69.870255 53.439117 1.000000
4214 8.483477 -69.410515 52.619305 1.000000
4215 6.441925 -62.277840 51.467003 1.000000
4216 6.274568 -63.556908 52.649757 1.000000
4217 7.627999 -64.564178 50.293789 1.000000
4222 8.704828 -74.148361 47.039894 1.000000
4223 11.768494 -74.121902 46.658085 1.000000
4258 43.835384 -39.511383 37.558235 1.000000
4295 50.540615 -35.043140 31.960056 1.000000
4480 7.551610 -47.734257 51.428162 1.000000
4547 34.623348 -45.881824 50.157291 1.000000
4548 35.494671 -47.150856 50.336651 1.000000
4549 35.525269 -46.414623 52.134407 1.000000
4550 36.258461 -45.523460 57.455677 1.000000
4551 36.850700 -47.202850 56.265911 1.000000
4552 36.742226 -47.492447 58.399437 1.000000
4553 36.081795 -49.732922 58.510998 1.000000
4554 36.279564 -48.327717 60.441338 1.000000
4555 25.903606 -42.618740 55.915386 1.000000
4559 30.852051 -46.013954 63.004200 1.000000
4560 31.913916 -47.746994 64.350975 1.000000
4561 33.362984 -49.479683 63.515694 1.000000
4563 29.959330 -52.390022 63.839287 1.000000
4564 29.522598 -50.386391 63.656128 1.000000
4566 24.688520 -52.050438 61.561443 1.000000
4567 22.290546 -53.039726 60.386047 1.000000
4568 20.833502 -55.416798 61.399303 1.000000
4588 14.472989 -51.065376 64.737343 1.000000
4589 15.713824 -50.464577 63.031330 1.000000
4590 14.550058 -51.592388 60.673256 1.000000
4591 15.608325 -53.831947 58.799175 1.000000
4592 14.171511 -54.196922 59.082264 1.000000
4593 13.694313 -57.058937 60.280689 1.000000
4594 12.866144 -54.037415 59.636353 1.000000
4595 9.263621 -53.412354 64.052689 1.000000
4596 10.291304 -54.183525 61.359772 1.000000
4597 9.342402 -54.175617 61.379749 1.000000
4598 9.930426 -55.325043 59.112404 1.000000
4599 8.609909 -53.797607 61.165508 1.000000
4603 8.368992 -49.287636 60.918251 1.000000
4604 6.992146 -49.826233 62.640785 1.000000
4605 6.122098 -50.498787 60.795265 1.000000
4606 7.139116 -52.356091 59.759747 1.000000
4607 6.549673 -51.575489 58.800983 1.000000
4608 7.866710 -52.605785 56.700001 1.000000
4609 6.527968 -50.600628 57.692860 1.000000
4610 9.868690 -48.687801 54.121563 1.000000
4611 7.205034 -49.084557 54.686432 1.000000
4612 7.418141 -48.452656 52.992474 1.000000
4613 5.769584 -49.026451 51.739754 1.000000
4634 49.463879 -22.135754 45.858574 1.000000
4635 47.061623 -23.226645 42.839546 1.000000
4636 47.625557 -23.269722 45.297855 1.000000
4660 40.230637 -27.551830 41.255566 1.000000
4661 40.015701 -28.470739 43.768295 1.000000
4662 36.209419 -31.833521 45.109394 1.000000
4663 36.217976 -30.753424 42.818859 1.000000
4664 34.462444 -31.916834 42.540989 1.000000
4665 33.796059 -32.723156 40.477257 1.000000
4666 32.977432 -33.257362 42.536945 1.000000
4667 35.273094 -35.027119 53.917835 1.000000
4668 35.624859 -34.233437 51.878090 1.000000
4669 33.587185 -35.236404 51.256142 1.000000
4670 29.315182 -38.216583 47.032841 1.000000
4671 30.465199 -36.297310 46.824043 1.000000
4672 30.002872 -37.711918 44.882008 1.000000
4673 30.827753 -37.118282 42.874275 1.000000
4674 30.379217 -39.093018 43.620815 1.000000
4675 30.761631 -40.379002 42.626522 1.000000
4676 30.665075 -41.141640 44.703754 1.000000
4677 32.870556 -43.923592 49.909218 1.000000
4678 32.052429 -43.935139 47.667004 1.000000
4679 33.301155 -44.875996 49.040649 1.000000
4680 33.817600 -45.426369 47.506481 1.000000
5156 28.007397 -53.652260 46.234333 1.000000
5162 24.560658 -56.332298 49.637493 1.000000
5175 13.211817 -65.873398 58.626930 1.000000
5176 15.026158 -64.568314 58.584705 1.000000
5177 13.878305 -65.731735 55.970856 1.000000
5178 18.683094 -67.543777 52.222748 1.000000
5179 17.352947 -65.886391 52.389610 1.000000
5180 19.920038 -65.396034 51.957794 1.000000
5182 21.362911 -65.101295 49.715599 1.000000
5289 57.486847 -14.756666 32.282871 1.000000
5290 54.865639 -21.240479 31.149582 1.000000
5291 55.588207 -19.785381 30.462368 1.000000
5292 56.498158 -22.517130 30.383327 1.000000
5293 58.138802 -23.307482 29.444107 1.000000
5294 58.237389 -23.952036 30.917673 1.000000
5295 52.689110 -25.447971 36.649002 1.000000
5296 53.322254 -24.481031 35.004250 1.000000
5297 54.859795 -25.423466 37.045765 1.000000
5298 60.168266 -25.918091 38.348488 1.000000
5299 59.168232 -25.281319 36.807941 1.000000
5300 60.643177 -25.852238 35.472256 1.000000
5301 60.792381 -25.873755 32.863647 1.000000
5302 60.872231 -27.009405 33.976532 1.000000
5303 59.186943 -28.102673 32.949051 1.000000
5304 59.569355 -28.099926 35.386971 1.000000
5305 58.100231 -33.151512 38.108131 1.000000
5306 56.828564 -32.074959 36.988018 1.000000
5307 57.141106 -34.794811 36.473866 1.000000
5308 55.924507 -36.209488 34.813862 1.000000
5309 58.765198 -36.411839 34.777119 1.000000
5311 45.924355 -33.093372 42.173714 1.000000
5317 53.815125 -37.723484 47.510517 1.000000
5323 54.938526 -39.524139 40.636169 1.000000
5324 55.822144 -38.108025 43.395802 1.000000
5325 56.216869 -37.844475 39.850040 1.000000
5326 57.691254 -36.555305 39.321556 1.000000
5327 58.610779 -38.867493 37.241974 1.000000
5809 8.489204 -53.916283 51.323845 1.000000
5810 7.710589 -56.382698 50.282650 1.000000
5811 8.627623 -55.412720 49.233940 1.000000
5812 7.426455 -56.086617 46.984169 1.000000
5819 32.380703 -44.985409 39.835930 1.000000
5998 22.494122 -58.832916 64.260971 1.000000
5999 23.135246 -59.078224 61.670990 1.000000
6000 21.544147 -60.493256 62.177101 1.000000
6025 46.478485 -24.270611 37.924389 1.000000
6026 47.634209 -25.766445 37.015705 1.000000
6027 46.934673 -27.009502 37.153748 1.000000
6028 47.916466 -29.468939 38.664856 1.000000
6029 48.873875 -31.530237 40.837662 1.000000
6268 9.381571 -60.848896 60.263630 1.000000
6269 9.030125 -63.171455 60.437996 1.000000
6270 8.045118 -62.891785 58.848610 1.000000
6271 6.856731 -64.566132 57.113976 1.000000
6272 6.669684 -65.497986 54.836586 1.000000
6273 7.968420 -65.182533 46.150612 1.000000
6295 37.063972 -32.996391 38.033649 1.000000
6297 38.000031 -35.623268 37.926643 1.000000
6473 33.829559 -43.558281 52.025185 1.000000
6474 35.010857 -45.086887 53.612934 1.000000
6475 34.427139 -43.731915 54.078377 1.000000
6476 34.678841 -44.297371 55.913555 1.000000
6477 34.533424 -44.994862 57.621620 1.000000
6478 23.910753 -43.098293 58.402649 1.000000
6482 28.029486 -46.714211 64.204849 1.000000
6483 28.438971 -48.671425 62.994038 1.000000
6484 26.645508 -47.389717 62.608471 1.000000
6497 16.702532 -48.648491 67.078369 1.000000
6499 14.323153 -50.805878 68.154297 1.000000
6500 12.960785 -51.682720 65.961143 1.000000
6501 12.013814 -52.581745 63.347828 1.000000
6503 9.921041 -52.467072 66.706200 1.000000
6504 8.364796 -52.134930 66.161644 1.000000
6509 9.675544 -48.983334 59.136620 1.000000
6510 8.187535 -49.378857 57.616577 1.000000
6542 40.222382 -30.745996 48.897995 1.000000
6543 38.307442 -31.960993 48.193336 1.000000
6544 36.169388 -32.875412 47.549187 1.000000
6545 30.409931 -35.655712 52.436840 1.000000
6546 31.191156 -36.016014 50.746391 1.000000
6547 29.134533 -36.857239 50.422432 1.000000
6548 28.774073 -38.540394 48.990185 1.000000
6549 29.443726 -40.297100 47.661118 1.000000
6550 30.795940 -41.523388 46.668007 1.000000
6551 30.794962 -41.889111 48.900555 1.000000
6552 32.389381 -42.794128 50.378883 1.000000
6835 32.365971 -51.479889 54.290703 1.000000
6836 30.359432 -51.580055 51.156555 1.000000
6840 24.049955 -58.276306 49.264332 1.000000
6849 12.289500 -69.265701 54.092072 1.000000
6850 13.684001 -67.618790 53.881645 1.000000
6851 14.225492 -69.638260 53.218987 1.000000
6852 16.831358 -69.556900 52.589867 1.000000
6916 56.162163 -15.953215 34.869911 1.000000
6917 55.958729 -16.417318 32.853058 1.000000
6918 54.537865 -17.910776 33.203331 1.000000
6919 53.996971 -19.887678 32.124275 1.000000
6920 54.702293 -22.453085 32.070244 1.000000
6921 55.785114 -27.727917 41.006474 1.000000
6922 56.496746 -26.100443 39.219929 1.000000
6923 57.870789 -26.872473 41.348835 1.000000
6924 59.660023 -26.713940 40.777340 1.000000
6925 60.420452 -27.460535 39.492500 1.000000
6926 59.794075 -28.631557 38.008003 1.000000
6927 59.989960 -29.505840 40.109406 1.000000
6928 59.372425 -31.772984 39.873745 1.000000
6929 59.411308 -34.148888 38.882294 1.000000
7315 7.215213 -58.022667 55.471821 1.000000
7316 5.871029 -60.147816 55.261059 1.000000
7317 5.763534 -59.260540 53.839134 1.000000
7318 5.409264 -60.226990 52.147011 1.000000
7319 6.552302 -61.309917 50.273151 1.000000
7320 6.116755 -58.174255 49.427555 1.000000
7321 6.564290 -60.203102 48.976460 1.000000
7336 32.743164 -38.990456 38.409100 1.000000
7337 34.008537 -39.367378 36.717323 1.000000
7338 33.058201 -40.955162 36.951466 1.000000
7356 58.987171 -25.097494 27.209164 1.000000
7527 41.515556 -32.776505 58.152721 1.000000
7528 39.720287 -33.157955 55.324257 1.000000
7529 39.258129 -34.120857 57.616966 1.000000
7530 36.947243 -34.926575 56.822254 1.000000
7531 34.490585 -35.411236 56.026001 1.000000
7756 29.535791 -54.767479 60.402428 1.000000
7764 22.558475 -59.112293 50.023998 1.000000
7765 23.072788 -60.257744 49.504150 1.000000
7766 23.768240 -61.278675 49.569424 1.000000
7767 13.981369 -73.525505 47.943481 1.000000
7820 51.040478 -20.867401 34.819145 1.000000
7821 50.076538 -21.936831 35.493305 1.000000
7822 50.745949 -24.614094 35.894093 1.000000
7823 52.201851 -26.531612 37.887573 1.000000
7824 49.573448 -27.114233 37.636505 1.000000
7825 51.528698 -27.682590 38.819450 1.000000
7826 53.508717 -27.977085 40.047859 1.000000
7827 54.614746 -28.931553 42.504883 1.000000
7828 55.685516 -29.700146 44.590942 1.000000
7829 56.248024 -31.268772 45.939983 1.000000
8353 14.268140 -60.862694 63.397083 1.000000
8354 15.155103 -62.780266 62.662170 1.000000
8355 13.335689 -63.174644 62.584007 1.000000
8356 12.427656 -64.861588 60.827290 1.000000
8357 11.486634 -66.687256 58.510490 1.000000
8358 9.340380 -65.089127 59.673500 1.000000
8359 9.971201 -66.828285 58.051384 1.000000
8360 11.089715 -68.535469 56.144508 1.000000
8361 10.853168 -70.036377 53.982067 1.000000
8362 10.897492 -71.706680 52.539894 1.000000
8363 11.132607 -72.909447 51.315331 1.000000
8364 5.416941 -62.499409 54.735809 1.000000
8365 6.107515 -64.655106 53.689537 1.000000
8366 7.405180 -66.590271 52.423515 1.000000
8369 7.729782 -68.922096 51.360149 1.000000
8370 8.245374 -71.309052 50.529110 1.000000
8371 9.429676 -73.369759 50.245277 1.000000
8372 11.676488 -73.621140 49.492077 1.000000
8373 12.990263 -73.919312 47.314697 1.000000
8410 42.447655 -28.603550 37.730385 1.000000
8411 44.071941 -30.231150 38.164101 1.000000
8412 42.682320 -31.222620 38.420536 1.000000
8465 51.633045 -37.344105 30.594158 1.000000
8777 33.458511 -47.281910 46.496162 1.000000
8778 31.278162 -47.913033 46.665325 1.000000
8779 33.698997 -47.784374 48.466591 1.000000
8780 34.115433 -48.243885 50.482933 1.000000
8781 34.618587 -48.951855 52.452026 1.000000
8782 36.337414 -46.896687 54.148964 1.000000
8783 36.445469 -48.409695 54.412884 1.000000
8784 34.919914 -49.864193 54.474983 1.000000
8785 34.864647 -50.911407 56.411804 1.000000
8786 33.898632 -52.177330 58.033691 1.000000
8787 33.086792 -53.055092 59.641247 1.000000
8788 29.268927 -43.566460 55.602020 1.000000
8789 31.654057 -44.824547 57.546150 1.000000
8790 33.576206 -45.792870 59.557262 1.000000
8792 32.287800 -46.015545 61.622253 1.000000
8793 34.970177 -46.934971 61.503014 1.000000
8794 35.116631 -48.947754 62.080223 1.000000
8795 33.882164 -51.287209 61.866554 1.000000
8797 30.142620 -54.363049 62.666443 1.000000
8798 27.846100 -55.105553 63.745659 1.000000
8799 25.700571 -55.597889 64.103622 1.000000
8800 27.207531 -51.143066 62.517994 1.000000
8801 25.224463 -53.703316 63.062347 1.000000
8802 23.608116 -56.201080 63.858238 1.000000
8803 21.652479 -56.872406 63.361824 1.000000
8804 19.527388 -57.569355 62.927898 1.000000
8805 17.536469 -58.306499 62.463257 1.000000
8824 20.157465 -47.062775 60.746655 1.000000
8825 20.018642 -48.450203 60.400841 1.000000
8826 18.986668 -49.844570 59.495636 1.000000
8828 17.081205 -49.937363 61.071575 1.000000
8829 18.211933 -51.444298 58.792522 1.000000
8830 17.559471 -53.875233 58.939919 1.000000
8831 16.640446 -56.476677 60.392036 1.000000
8832 15.376528 -58.818127 62.129883 1.000000
8833 13.755589 -58.947895 62.257496 1.000000
8834 12.377222 -59.238487 62.138420 1.000000
8835 11.198410 -59.185280 61.389893 1.000000
8836 11.479327 -54.020973 60.661247 1.000000
8837 11.286455 -56.600994 59.940815 1.000000
8838 10.429159 -58.682472 60.459221 1.000000
8839 9.853811 -58.187267 59.199444 1.000000
8840 9.377925 -57.679588 58.175026 1.000000
8841 8.871401 -57.174652 57.482929 1.000000
8842 9.242244 -48.577950 69.261383 1.000000
8844 7.175955 -51.510090 65.435623 1.000000
8845 8.372975 -49.042622 64.332169 1.000000
8846 6.552217 -50.720837 64.226845 1.000000
8847 7.259853 -52.319496 62.921623 1.000000
8848 8.159571 -53.080524 60.487904 1.000000
8849 9.340884 -54.101830 58.221519 1.000000
8850 8.809694 -56.220390 56.558693 1.000000
8851 9.040102 -55.176746 55.707294 1.000000
8852 8.802591 -53.962292 54.889290 1.000000
8853 8.213338 -52.980896 53.915688 1.000000
8854 6.771737 -49.761238 56.231773 1.000000
8867 57.144997 -14.900812 37.016533 1.000000
8868 55.892830 -16.123949 37.471466 1.000000
8869 54.602619 -17.188274 38.111824 1.000000
8879 52.172504 -19.412090 39.873943 1.000000
8880 50.835163 -20.473248 40.538815 1.000000
8881 49.409218 -21.435816 40.703358 1.000000
8882 52.578819 -19.326654 45.851662 1.000000
8883 50.209888 -20.891960 43.380959 1.000000
8884 47.945427 -22.319477 40.539444 1.000000
8885 46.529144 -23.377207 40.204445 1.000000
8886 45.144691 -24.389353 39.794689 1.000000
8887 44.021969 -25.250872 39.656769 1.000000
8908 50.354736 -21.727573 50.458172 1.000000
8909 48.280479 -23.759489 53.100037 1.000000
8910 48.092785 -23.507175 50.468079 1.000000
8912 45.640167 -24.521263 44.760593 1.000000
8913 43.762180 -25.244101 41.973583 1.000000
8914 42.499763 -26.432562 39.385952 1.000000
8915 40.921608 -27.517796 38.977364 1.000000
8916 39.319641 -28.683903 38.820518 1.000000
8917 37.877899 -29.931635 38.800423 1.000000
8918 38.077206 -29.540668 43.281654 1.000000
8919 36.614540 -29.868301 40.598061 1.000000
8920 36.403111 -31.112335 38.730736 1.000000
8921 35.107956 -32.571461 38.795441 1.000000
8922 34.032349 -34.317940 38.985909 1.000000
8923 33.187305 -36.077232 39.417213 1.000000
8924 37.686543 -33.246483 52.352547 1.000000
8925 35.987907 -33.579010 49.908348 1.000000
8926 34.037468 -33.646797 47.152061 1.000000
8927 31.917179 -35.451912 48.950825 1.000000
8928 32.136082 -34.774254 46.916367 1.000000
8929 32.443703 -34.011223 44.665535 1.000000
8930 31.598398 -35.059063 42.587555 1.000000
8931 31.838385 -36.457172 41.014191 1.000000
8932 32.437508 -37.901054 40.011436 1.000000
8933 31.371120 -39.561649 40.443367 1.000000
8934 30.987696 -41.443104 41.170124 1.000000
8935 31.354349 -42.929253 42.327118 1.000000
8936 31.344166 -42.744396 45.981388 1.000000
8937 31.567505 -43.545456 45.013515 1.000000
8938 32.248955 -44.031593 43.730480 1.000000
8939 33.166317 -45.075882 44.767021 1.000000
8940 33.912472 -46.235733 45.689480 1.000000
9513 28.494028 -50.596642 43.638710 1.000000
9515 28.677853 -52.025261 47.695248 1.000000
9516 28.189556 -53.118214 44.364319 1.000000
9539 16.424799 -63.524315 60.803730 1.000000
9540 16.736130 -62.925636 58.206470 1.000000
9541 17.069889 -62.293690 55.374237 1.000000
9542 15.032382 -65.927391 53.536034 1.000000
9543 16.611092 -64.100021 53.257324 1.000000
9544 18.136929 -62.383705 52.878040 1.000000
9546 22.560671 -62.384308 50.418980 1.000000
9547 24.201641 -62.903698 48.331879 1.000000
9548 16.435179 -71.354172 48.292324 1.000000
9678 56.087410 -17.043255 30.961109 1.000000
9679 56.607445 -18.214169 29.487957 1.000000
9681 57.617531 -22.410397 28.395233 1.000000
9682 59.343208 -24.041492 28.331598 1.000000
9683 59.973961 -25.554312 28.580750 1.000000
9684 52.107780 -22.509863 33.741886 1.000000
9685 54.060364 -23.632423 33.365993 1.000000
9686 56.145435 -24.516315 33.213478 1.000000
9687 57.072735 -25.418066 37.317932 1.000000
9688 57.760235 -25.182964 35.036232 1.000000
9689 58.035011 -24.771404 32.840687 1.000000
9690 59.692497 -24.979942 31.739712 1.000000
9691 60.538261 -25.808004 30.508444 1.000000
9692 59.303986 -26.977001 29.785358 1.000000
9693 58.183006 -28.054432 30.954159 1.000000
9694 56.753468 -29.259426 32.346684 1.000000
9695 55.109932 -30.584213 33.287300 1.000000
9696 57.865124 -29.756840 36.683685 1.000000
9697 55.892952 -31.104702 35.453411 1.000000
9698 53.697559 -32.673218 34.433624 1.000000
9700 55.057117 -37.241425 32.852959 1.000000
9702 45.954338 -31.529236 39.653690 1.000000
9703 47.539070 -32.525993 41.367508 1.000000
9704 49.210777 -33.119732 43.309204 1.000000
9708 52.835289 -33.744095 46.877586 1.000000
9709 54.634777 -33.883968 47.314484 1.000000
9710 56.081093 -33.799217 46.440407 1.000000
9713 52.787262 -41.484886 44.499905 1.000000
9715 54.324516 -42.058144 43.700016 1.000000
9716 54.103283 -39.946075 45.685577 1.000000
9717 55.309410 -38.169327 46.014896 1.000000
9718 55.965149 -36.259205 45.493416 1.000000
9719 57.007404 -34.090260 44.197746 1.000000
9720 57.544811 -34.481342 41.444324 1.000000
9721 59.065540 -35.475361 39.210823 1.000000
10264 9.471990 -52.486237 47.640251 1.000000
10272 31.691753 -47.228065 44.261238 1.000000
10273 31.131708 -47.358639 43.014442 1.000000
10372 17.170219 -60.298836 63.797333 1.000000
10373 17.832493 -61.113117 63.716866 1.000000
10374 16.731579 -61.426758 63.557056 1.000000
10387 44.307671 -26.941326 38.024128 1.000000
10388 45.132534 -27.789194 37.871643 1.000000
10389 44.628998 -28.303806 37.833412 1.000000
10522 7.487338 -59.338982 57.111156 1.000000
10523 7.047604 -60.596691 57.116859 1.000000
10524 6.773152 -60.034473 56.583122 1.000000
10537 34.517189 -36.938934 38.287060 1.000000
10538 35.373211 -37.185246 37.749950 1.000000
10539 34.663918 -37.764767 37.614113 1.000000
10547 57.750702 -25.913126 27.329700 1.000000
10548 56.695721 -25.940628 27.137960 1.000000
10549 57.219929 -26.574097 27.828989 1.000000
10550 56.554089 -27.194372 28.317081 1.000000
10551 57.587517 -27.098318 28.634878 1.000000
10637 28.448414 -42.162529 52.674370 1.000000
10638 29.575302 -43.069263 53.520142 1.000000
10639 28.368305 -42.441673 53.372784 1.000000
10640 22.010691 -44.625435 59.988781 1.000000
10641 23.182619 -44.989258 60.622173 1.000000
10642 22.569788 -45.416729 60.598061 1.000000
10643 23.069763 -46.065796 61.204395 1.000000
10644 21.861740 -45.824944 60.442772 1.000000
10652 11.122468 -48.233154 71.450569 1.000000
10653 10.593731 -49.234417 70.662613 1.000000
10654 10.571112 -48.000648 71.149124 1.000000
10675 41.130535 -31.461548 53.062145 1.000000
10676 40.984322 -31.945114 54.296062 1.000000
10677 27.128668 -40.153126 51.987041 1.000000
10678 27.538006 -40.079510 51.432781 1.000000
10680 28.866726 -42.017220 52.002644 1.000000
10845 12.973450 -72.876907 51.292713 1.000000
10846 13.876172 -72.442413 51.728283 1.000000
10847 14.121239 -72.743271 50.697048 1.000000
10885 57.749336 -30.380701 45.165649 1.000000
10886 58.429024 -29.585720 44.235889 1.000000
10887 58.420765 -30.672771 44.394501 1.000000
10888 58.938660 -30.898199 43.430958 1.000000
10889 58.240437 -31.666275 44.130363 1.000000
11122 8.068434 -55.616699 52.699425 1.000000
11123 7.326859 -56.797943 52.189667 1.000000
11124 7.635995 -56.276703 51.693886 1.000000
11137 31.736471 -43.119587 40.207577 1.000000
11138 31.978443 -43.138233 39.022472 1.000000
11139 32.052860 -43.760628 39.711304 1.000000
11437 25.348516 -57.482536 63.462791 1.000000
11438 25.478937 -57.525810 62.013466 1.000000
11439 24.755690 -58.113293 62.505646 1.000000
11440 19.346565 -60.340179 55.616901 1.000000
11443 19.780422 -60.136189 52.687645 1.000000
11444 18.994095 -60.689003 53.156990 1.000000
11482 48.291496 -22.578600 38.215233 1.000000
11483 48.436771 -23.056787 37.196354 1.000000
11484 47.887978 -23.745586 37.342781 1.000000
11485 50.281757 -31.296585 41.353676 1.000000
11486 50.797363 -30.733938 40.964825 1.000000
11487 51.236492 -31.518505 42.148643 1.000000
11488 52.268848 -31.428076 42.907665 1.000000
11489 51.630749 -32.121029 43.340508 1.000000
11887 10.740347 -61.277061 62.337139 1.000000
11888 10.684534 -62.377064 62.537880 1.000000
11889 10.072178 -62.309868 62.027649 1.000000
11890 7.796940 -66.625473 54.816856 1.000000
11891 8.192110 -66.950500 55.370728 1.000000
11892 8.299984 -67.543777 54.103127 1.000000
11893 8.597746 -68.546448 53.550373 1.000000
11894 8.295194 -68.293945 53.031158 1.000000
11895 7.236880 -62.794415 50.389412 1.000000
11896 7.081922 -63.308544 50.979195 1.000000
11897 7.891019 -64.030800 49.681129 1.000000
11902 8.026704 -74.113892 46.228294 1.000000
11903 9.522440 -74.250717 46.317036 1.000000
11904 8.792860 -74.173996 45.599308 1.000000
11935 40.495628 -39.228249 36.491814 1.000000
11937 41.422340 -39.508389 36.603527 1.000000
11938 42.386539 -39.800163 36.619511 1.000000
11939 41.899376 -40.256447 35.921532 1.000000
11974 51.684319 -32.201897 32.112068 1.000000
12160 8.962079 -47.974098 51.917187 1.000000
12161 8.555047 -47.503807 50.944649 1.000000
12162 10.011114 -47.775772 51.378357 1.000000
12227 34.216007 -45.538612 50.954781 1.000000
12228 35.021107 -46.161144 51.094307 1.000000
12229 34.717056 -45.749176 51.961292 1.000000
12230 36.112667 -45.892490 58.470375 1.000000
12231 36.631981 -46.514885 57.974342 1.000000
12232 36.433598 -46.741295 59.036499 1.000000
12233 36.507683 -47.837189 59.436474 1.000000
12234 36.101353 -47.136864 60.085613 1.000000
12235 25.318031 -42.801456 56.453735 1.000000
12237 26.296215 -43.331264 57.824135 1.000000
12239 30.717733 -46.954319 64.439026 1.000000
12240 31.031219 -47.991547 64.536560 1.000000
12241 31.971457 -48.733421 64.334465 1.000000
12243 30.536871 -50.014725 64.040298 1.000000
12244 30.032187 -49.169376 64.008072 1.000000
12248 21.125025 -53.482445 59.841347 1.000000
12269 14.449506 -51.214855 62.740944 1.000000
12270 13.875525 -51.813892 61.404427 1.000000
12271 14.198477 -52.764599 59.657326 1.000000
12272 13.544894 -52.835522 60.214062 1.000000
12273 13.518896 -54.166046 59.319756 1.000000
12274 12.983808 -52.853100 60.761280 1.000000
12275 8.630269 -53.403603 63.921001 1.000000
12276 9.158144 -53.871178 62.729717 1.000000
12277 8.624704 -53.754448 62.554089 1.000000
12278 8.889078 -54.092876 61.297119 1.000000
12279 8.266520 -53.416138 62.383495 1.000000
12283 7.687091 -49.468716 60.079399 1.000000
12284 6.982732 -49.708344 60.905659 1.000000
12285 6.509145 -50.018631 60.054665 1.000000
12286 6.164917 -51.007816 59.829365 1.000000
12287 6.359351 -50.458900 59.209301 1.000000
12288 6.464179 -51.039818 58.332458 1.000000
12289 6.622518 -50.022324 58.486919 1.000000
12290 10.069871 -48.442696 53.298756 1.000000
12291 8.712252 -48.625420 53.532082 1.000000
12292 8.822456 -48.334904 52.695396 1.000000
12293 7.460585 -48.122173 52.183277 1.000000
12315 48.604874 -22.744942 45.729500 1.000000
12342 35.270950 -32.260460 44.953442 1.000000
12343 35.250622 -31.812511 43.764771 1.000000
12344 34.337734 -32.344322 43.632793 1.000000
12345 33.643394 -32.535999 42.476044 1.000000
12346 33.479218 -32.942028 43.550648 1.000000
12347 34.122372 -35.498081 53.528412 1.000000
12348 34.469994 -35.133335 52.572613 1.000000
12349 33.285236 -35.621368 52.130302 1.000000
12350 29.478495 -39.033237 46.250492 1.000000
12351 29.586563 -37.979893 45.911827 1.000000
12352 29.809475 -38.777489 45.160606 1.000000
12353 30.184544 -38.489967 44.173027 1.000000
12354 30.175161 -39.488792 44.577156 1.000000
12355 30.434952 -40.141647 44.169945 1.000000
12356 30.415747 -40.488960 45.091118 1.000000
12357 33.400459 -44.384518 50.801777 1.000000
12358 32.963280 -44.452587 49.664345 1.000000
12359 33.609718 -44.992569 50.383781 1.000000
12360 33.907524 -45.401794 49.631523 1.000000
12832 32.248371 -49.711838 51.478020 1.000000
12842 24.047949 -56.438972 50.115025 1.000000
12855 12.781147 -66.704384 57.413006 1.000000
12856 13.595187 -65.869263 57.344482 1.000000
12857 13.246678 -66.624596 56.131065 1.000000
12858 19.649235 -67.258896 51.424980 1.000000
12859 19.341087 -66.478897 52.066475 1.000000
12860 20.327667 -66.294907 51.368935 1.000000
12861 20.916336 -65.314262 51.248669 1.000000
12967 58.705566 -13.680048 34.209698 1.000000
12968 58.592590 -13.878003 33.055168 1.000000
12969 57.604713 -14.588977 33.497261 1.000000
12970 55.529671 -22.527119 31.271576 1.000000
12971 55.578053 -22.007305 30.793964 1.000000
12972 56.473267 -23.041042 30.962042 1.000000
12973 57.387085 -23.361929 30.550882 1.000000
12974 57.351910 -23.769527 31.303034 1.000000
12975 53.496094 -26.042150 37.743217 1.000000
12976 53.795067 -25.548773 36.861031 1.000000
12977 54.601765 -25.887157 38.002491 1.000000
12978 60.613182 -26.495493 37.548401 1.000000
12979 60.414482 -25.844608 36.909962 1.000000
12980 60.859661 -26.357273 36.069752 1.000000
12981 61.061119 -26.378220 34.755013 1.000000
12982 60.949623 -26.964045 35.259506 1.000000
12983 60.393902 -27.525126 34.598545 1.000000
12984 60.397240 -27.615063 35.948475 1.000000
12985 58.611687 -34.309704 37.457062 1.000000
12986 57.595440 -33.962368 37.201233 1.000000
12987 58.321880 -35.056679 36.573326 1.000000
13004 55.444069 -38.638649 40.249424 1.000000
13522 8.552934 -53.466911 50.854332 1.000000
13523 8.688674 -54.695976 50.366940 1.000000
13524 8.871294 -54.200226 49.827236 1.000000
13525 8.555735 -54.840523 46.960197 1.000000
13526 8.367700 -55.287163 47.518936 1.000000
13528 7.005157 -56.539684 46.008667 1.000000
13538 32.599102 -45.298149 41.498642 1.000000
13837 21.566418 -59.123463 64.390610 1.000000
13838 22.125212 -59.858559 63.501659 1.000000
13839 21.167444 -60.374123 63.713428 1.000000
13840 19.192694 -62.012665 61.525593 1.000000
13841 20.053288 -61.555115 61.152641 1.000000
13842 19.367043 -61.650566 60.045673 1.000000
13882 45.979382 -24.875340 37.730045 1.000000
13883 46.545574 -25.576735 37.168743 1.000000
13884 46.203094 -26.203955 37.235611 1.000000
13885 46.718479 -29.334661 38.348793 1.000000
13886 46.989380 -28.797770 38.003521 1.000000
13887 47.507957 -29.956106 38.985661 1.000000
13888 48.387810 -30.540216 39.767002 1.000000
13889 47.968708 -31.073156 39.934067 1.000000
14287 8.997208 -60.666595 59.411964 1.000000
14288 8.721690 -61.888683 59.635345 1.000000
14289 8.218181 -61.748894 58.827324 1.000000
14290 6.393873 -63.085030 56.901886 1.000000
14291 6.825053 -63.484428 57.455658 1.000000
14292 6.309304 -64.252174 56.448151 1.000000
14293 6.615636 -65.148720 56.007812 1.000000
14294 6.130022 -64.761703 55.385216 1.000000
14332 36.534325 -33.778481 38.011784 1.000000
14364 56.018951 -23.472950 24.167423 1.000000
14365 54.628197 -25.666393 26.746658 1.000000
14372 55.261395 -28.292645 29.282879 1.000000
14376 54.948597 -29.509960 30.781424 1.000000
14627 33.147980 -43.103432 52.275410 1.000000
14628 34.166828 -43.639046 53.013847 1.000000
14629 33.316700 -43.373871 53.303883 1.000000
14630 32.245060 -44.085255 55.108227 1.000000
14631 33.558304 -44.017662 55.057732 1.000000
14632 33.618156 -44.374317 55.935333 1.000000
14633 34.705868 -44.527164 56.800087 1.000000
14634 33.504494 -44.679806 56.799339 1.000000
14635 23.565645 -43.345295 58.942009 1.000000
14638 25.402573 -45.234695 62.524818 1.000000
14639 25.996679 -44.842377 62.419384 1.000000
14640 26.527248 -45.397259 63.428780 1.000000
14643 27.355976 -47.055065 63.510857 1.000000
14644 26.348446 -46.629436 63.299294 1.000000
14646 24.819851 -47.657478 61.660774 1.000000
14668 12.888478 -50.351574 69.827515 1.000000
14669 13.863841 -50.362953 69.377396 1.000000
14670 13.334270 -50.997253 68.777046 1.000000
14671 13.704874 -51.242592 67.269424 1.000000
14672 12.817572 -51.520130 67.734985 1.000000
14673 12.306250 -51.975830 66.397087 1.000000
14674 12.021672 -51.652283 67.935669 1.000000
14675 9.786202 -50.895348 68.741478 1.000000
14676 10.267236 -51.796997 67.838341 1.000000
14677 9.388544 -51.700340 67.617363 1.000000
14678 9.065844 -52.421028 66.477814 1.000000
14679 8.654757 -51.565590 67.332504 1.000000
14685 11.774950 -47.768806 59.983143 1.000000
14741 41.201363 -30.496439 50.394482 1.000000
14742 39.214886 -32.010654 50.593273 1.000000
14743 39.288139 -31.699673 49.620171 1.000000
14744 38.256603 -32.284782 49.323463 1.000000
14745 37.296577 -32.449310 47.857948 1.000000
14746 37.212784 -32.817390 49.106533 1.000000
14748 29.725193 -36.211662 51.340046 1.000000
14749 28.741184 -36.732948 51.081673 1.000000
14751 28.456675 -38.728798 49.828285 1.000000
14752 28.770283 -39.632996 49.286510 1.000000
14753 28.940256 -39.507057 48.332706 1.000000
14754 29.360035 -40.555431 48.721954 1.000000
14755 30.005930 -41.212456 48.219936 1.000000
14756 29.909931 -41.394875 49.319481 1.000000
14757 31.263477 -42.655571 51.840443 1.000000
14758 31.558193 -42.474842 50.749538 1.000000
14759 32.320721 -42.808056 51.497021 1.000000
14760 33.085030 -43.168312 51.164360 1.000000
15240 24.316658 -58.975220 48.858631 1.000000
15241 25.037327 -58.792431 48.497929 1.000000
15242 25.324825 -59.362068 48.308479 1.000000
15255 12.209296 -70.236343 53.545174 1.000000
15256 13.096544 -69.490730 53.575783 1.000000
15257 13.220815 -70.471207 53.279358 1.000000
15258 15.962237 -71.101913 52.139496 1.000000
15259 15.824270 -70.520195 52.731171 1.000000
15260 16.880840 -70.180679 52.076225 1.000000
15262 17.567379 -69.676498 50.938061 1.000000
15367 55.388630 -16.600840 35.003868 1.000000
15368 55.212883 -16.970425 33.968803 1.000000
15369 54.551655 -17.522741 34.179287 1.000000
15370 53.334309 -19.923895 33.132217 1.000000
15371 53.741497 -19.361376 32.834602 1.000000
15372 53.689709 -20.502731 32.477013 1.000000
15373 54.227051 -21.133038 31.977646 1.000000
15374 54.006531 -21.781214 32.416782 1.000000
15375 56.322460 -28.010767 42.209473 1.000000
15376 56.838127 -27.284781 41.234062 1.000000
15377 57.401386 -27.614414 42.332241 1.000000
15378 59.443199 -28.054163 42.343884 1.000000
15379 59.252422 -27.256897 41.869335 1.000000
15380 59.879250 -27.425465 41.324078 1.000000
15381 60.193958 -26.944098 40.174446 1.000000
15382 60.223083 -27.810760 40.704872 1.000000
15383 60.225792 -28.415792 39.964897 1.000000
15384 60.084759 -28.879089 40.957008 1.000000
15385 59.403393 -31.856546 41.336979 1.000000
15386 59.689404 -31.223709 40.785694 1.000000
15387 59.358826 -32.375336 40.422806 1.000000
15388 59.200947 -32.952354 39.518177 1.000000
15389 59.235146 -33.596527 39.923431 1.000000
16087 7.271343 -57.582836 54.875893 1.000000
16088 6.398552 -58.734539 54.669628 1.000000
16089 6.486900 -58.240246 54.009529 1.000000
16090 5.844187 -58.774574 51.692993 1.000000
16091 5.481544 -59.252953 52.341999 1.000000
16092 5.547398 -59.806568 51.479897 1.000000
16093 5.887297 -60.803345 51.263958 1.000000
16094 5.807750 -60.338562 50.619568 1.000000
16095 7.264499 -56.843891 49.150738 1.000000
16096 6.830622 -57.323692 49.770271 1.000000
16097 6.370544 -57.670502 48.768753 1.000000
16101 7.494624 -61.200665 48.691086 1.000000
16102 8.527430 -61.774193 47.556320 1.000000
16104 9.000649 -62.563507 46.055382 1.000000
16132 32.239849 -39.873180 38.464813 1.000000
16133 32.850300 -39.924744 37.576965 1.000000
16134 32.459240 -40.820812 37.837837 1.000000
16137 33.632511 -43.571766 36.193493 1.000000
16141 32.548279 -45.274982 38.796825 1.000000
16173 57.889977 -22.657410 25.785252 1.000000
16174 58.276295 -23.594021 26.635406 1.000000
16175 58.342896 -24.535732 26.683472 1.000000
16176 58.923149 -24.288744 27.111675 1.000000
16540 40.382820 -33.515961 57.902508 1.000000
16543 37.685966 -34.806255 58.249367 1.000000
16545 35.766068 -35.246887 56.439922 1.000000
17032 28.730936 -55.080425 61.160259 1.000000
17033 28.447989 -54.843945 59.637482 1.000000
17034 27.609400 -55.222950 60.400810 1.000000
17035 24.775373 -56.429394 58.751202 1.000000
17040 22.206675 -59.356079 60.259918 1.000000
17051 22.033806 -60.083172 50.019386 1.000000
17052 22.321575 -60.616985 49.940926 1.000000
17053 23.414295 -60.671215 49.650169 1.000000
17054 22.703176 -61.046650 50.032951 1.000000
17167 50.632732 -20.460232 37.514076 1.000000
17168 50.390343 -20.810398 36.248997 1.000000
17169 49.936188 -21.372112 36.527294 1.000000
17170 49.575043 -24.606401 36.227882 1.000000
17171 49.875862 -23.979212 35.819801 1.000000
17172 50.508686 -25.219694 36.432770 1.000000
17173 51.439350 -25.646194 36.801601 1.000000
17174 51.158173 -26.171591 37.340252 1.000000
17175 48.179970 -27.122791 37.286919 1.000000
17176 48.531807 -26.515167 37.172997 1.000000
17177 49.185219 -27.742893 37.825760 1.000000
17178 51.653969 -29.388834 40.255150 1.000000
17179 51.092491 -28.454090 39.189972 1.000000
17180 52.032249 -28.591928 39.944973 1.000000
17181 52.480522 -27.859564 39.438503 1.000000
17182 53.064281 -28.596970 40.600086 1.000000
17183 54.142345 -28.551624 41.344017 1.000000
17184 53.589710 -29.151134 41.778160 1.000000
17185 54.156120 -30.893408 44.334175 1.000000
17186 54.721886 -30.015224 43.930096 1.000000
17187 55.157402 -30.508331 44.955040 1.000000
17188 56.023163 -30.305414 45.409813 1.000000
17189 55.355080 -31.333843 45.929119 1.000000
18382 13.526235 -61.038097 63.382324 1.000000
18383 13.747305 -62.072533 63.207214 1.000000
18384 12.999033 -62.235554 63.115185 1.000000
18385 11.200099 -64.375381 61.595757 1.000000
18386 12.077038 -64.213905 61.754761 1.000000
18387 11.592494 -65.095650 60.705616 1.000000
18388 11.923597 -65.714737 59.715443 1.000000
18389 11.112070 -65.815681 59.547005 1.000000
18390 8.510015 -64.141006 59.511036 1.000000
18391 9.094591 -64.215881 60.224354 1.000000
18392 8.655981 -65.102890 59.123024 1.000000
18393 9.162786 -67.572433 56.297546 1.000000
18394 9.304747 -66.738693 57.706146 1.000000
18395 9.743384 -67.722252 56.768787 1.000000
18396 10.427239 -67.769043 57.136620 1.000000
18397 10.309601 -68.656563 55.859997 1.000000
18398 10.991335 -69.244385 55.087627 1.000000
18399 10.220457 -69.328529 54.815876 1.000000
18400 9.478450 -70.790291 52.507454 1.000000
18401 10.095423 -70.903839 52.852081 1.000000
18402 10.193742 -71.730400 52.156605 1.000000
18403 11.075310 -72.277939 51.973030 1.000000
18404 10.273672 -72.446968 51.467346 1.000000
18405 5.346944 -60.701477 54.372185 1.000000
18406 5.491229 -61.257965 55.081543 1.000000
18407 5.318985 -61.938576 54.069653 1.000000
18408 6.813142 -64.592598 52.063477 1.000000
18409 6.136290 -64.139618 53.186005 1.000000
18410 6.627336 -65.103325 52.580406 1.000000
18411 6.736919 -65.551819 53.024616 1.000000
18412 7.202704 -66.258820 51.852173 1.000000
18419 7.344898 -68.689980 50.626644 1.000000
18421 8.001104 -69.948257 50.823524 1.000000
18423 8.836969 -74.026604 48.671104 1.000000
18424 8.531796 -73.459877 49.587646 1.000000
18425 9.648778 -73.826599 49.457787 1.000000
18426 10.461489 -73.612328 49.994217 1.000000
18427 10.857876 -73.810356 49.034847 1.000000
18428 12.230913 -73.721214 48.402149 1.000000
18518 42.541756 -29.968851 37.790421 1.000000
18540 34.275223 -40.466698 36.079937 1.000000
18541 34.843502 -39.684620 36.074963 1.000000
18647 51.508293 -35.879490 32.321236 1.000000
18648 50.890110 -36.278557 31.429947 1.000000
18649 52.103966 -36.937874 31.610477 1.000000
19397 34.402122 -47.027679 47.369091 1.000000
19398 33.536961 -47.579212 47.447533 1.000000
19399 34.577114 -47.322712 48.393536 1.000000
19400 35.821644 -47.481903 51.265186 1.000000
19401 35.080620 -47.851616 50.351974 1.000000
19402 35.299820 -48.079216 51.319374 1.000000
19403 34.388405 -48.546276 51.434559 1.000000
19404 35.596889 -48.358757 52.336506 1.000000
19405 35.542381 -45.132545 54.484692 1.000000
19406 35.676800 -46.089939 53.926109 1.000000
19407 36.119564 -46.137428 54.867077 1.000000
19408 36.829208 -48.091694 56.479504 1.000000
19409 36.827263 -47.898216 55.378517 1.000000
19410 36.554474 -48.697174 55.487907 1.000000
19411 35.882866 -49.162506 54.510262 1.000000
19412 35.851482 -49.549362 55.569618 1.000000
19413 34.985973 -50.409615 55.479015 1.000000
19414 35.870827 -49.920593 56.475788 1.000000
19415 35.810150 -50.200775 59.447052 1.000000
19416 35.219231 -50.903866 58.347187 1.000000
19417 34.730305 -51.433777 59.162910 1.000000
19418 33.431538 -52.629627 58.829945 1.000000
19419 34.175194 -51.831116 59.927544 1.000000
19423 29.730402 -44.324192 58.153637 1.000000
19424 30.146109 -44.316902 57.339527 1.000000
19425 31.202723 -44.954144 58.320412 1.000000
19426 32.765614 -45.275917 58.357361 1.000000
19427 32.095558 -45.452782 59.323498 1.000000
19431 32.372566 -46.822441 63.278847 1.000000
19432 31.597027 -46.001240 62.455910 1.000000
19433 33.155861 -46.645069 62.591644 1.000000
19434 33.769535 -46.520535 61.684784 1.000000
19435 34.341084 -47.244377 62.423016 1.000000
19436 35.230717 -47.896141 61.922382 1.000000
19437 34.531639 -48.199604 62.771137 1.000000
19438 32.870407 -50.644718 63.329865 1.000000
19439 33.821220 -50.401562 62.763721 1.000000
19440 33.026402 -51.575512 62.501781 1.000000
19441 32.886810 -52.484222 61.543274 1.000000
19443 31.102795 -54.082832 61.963062 1.000000
19445 28.737097 -52.759209 63.874977 1.000000
19446 28.915653 -53.891060 63.849495 1.000000
19447 27.711597 -54.206989 63.961578 1.000000
19448 26.723715 -55.366913 64.040840 1.000000
19449 26.541697 -54.391197 63.910717 1.000000
19450 27.514683 -49.078938 62.212822 1.000000
19451 28.071665 -49.917603 62.565895 1.000000
19452 26.959127 -50.262749 61.937279 1.000000
19453 23.794128 -53.196522 61.893867 1.000000
19454 24.945934 -52.822407 62.318127 1.000000
19455 24.089344 -54.021278 62.652534 1.000000
19456 24.318827 -54.933998 63.425648 1.000000
19457 23.317369 -55.326000 63.060371 1.000000
19458 22.630096 -56.596718 63.576500 1.000000
19459 22.272192 -55.745617 62.711967 1.000000
19460 19.781290 -55.697315 61.072834 1.000000
19461 20.221882 -56.446754 62.134289 1.000000
19462 19.126816 -56.761810 61.850964 1.000000
19463 18.476820 -57.929482 62.691628 1.000000
19464 18.131769 -57.106842 61.646904 1.000000
19511 19.948883 -46.296852 60.437691 1.000000
19516 19.499722 -49.098396 59.942009 1.000000
19518 16.414438 -49.529335 66.904526 1.000000
19519 17.010969 -49.005363 66.015160 1.000000
19520 16.453272 -49.806553 65.519005 1.000000
19522 16.344891 -50.179192 62.088177 1.000000
19523 16.592152 -50.460052 60.497993 1.000000
19524 17.481375 -50.485832 59.648582 1.000000
19525 17.067944 -51.243843 59.129009 1.000000
19526 17.829266 -52.550446 58.648041 1.000000
19527 16.759733 -52.392921 58.752571 1.000000
19528 15.379837 -55.373882 59.370155 1.000000
19529 16.145508 -55.208771 59.454426 1.000000
19530 15.680763 -56.550800 60.394020 1.000000
19531 16.076014 -57.740295 61.282459 1.000000
19532 15.071695 -57.803772 61.318077 1.000000
19533 14.505229 -58.859150 62.182087 1.000000
19534 14.347376 -57.908134 61.376953 1.000000
19535 13.022611 -57.054695 60.166138 1.000000
19536 12.980456 -58.239269 61.290688 1.000000
19537 12.367353 -58.277081 61.110390 1.000000
19538 11.732901 -59.271503 61.825329 1.000000
19539 11.785604 -58.222363 60.798786 1.000000
19540 11.305539 -52.919018 63.785389 1.000000
19541 11.638934 -53.102837 61.994549 1.000000
19542 10.971106 -53.421974 62.417625 1.000000
19543 10.459836 -54.766132 60.090584 1.000000
19544 10.921744 -54.989704 60.070007 1.000000
19545 10.963846 -56.207916 59.699074 1.000000
19546 10.899231 -57.675274 60.196941 1.000000
19547 10.599901 -57.288857 59.730103 1.000000
19548 10.085477 -58.452370 59.906544 1.000000
19549 10.325299 -57.011425 59.233501 1.000000
19550 9.638774 -55.065697 58.971077 1.000000
19551 9.915134 -56.379189 58.452953 1.000000
19552 9.565393 -56.187065 58.283703 1.000000
19553 9.113184 -57.464191 57.833275 1.000000
19554 9.376820 -55.949593 58.040474 1.000000
19561 7.494003 -50.965633 66.479340 1.000000
19562 7.084399 -50.605740 65.913445 1.000000
19565 9.030782 -48.828510 63.442341 1.000000
19566 6.220862 -50.650108 62.434044 1.000000
19567 6.619720 -50.277046 63.451210 1.000000
19568 6.318376 -51.151497 63.172619 1.000000
19569 6.663307 -51.611290 63.689674 1.000000
19570 6.771692 -51.923962 62.531300 1.000000
19571 7.659326 -52.703072 61.703880 1.000000
19572 7.149312 -52.344063 61.325306 1.000000
19573 7.882436 -52.843628 58.628700 1.000000
19574 8.352077 -53.154163 59.018654 1.000000
19575 9.013127 -53.720764 57.911907 1.000000
19576 9.432843 -55.110798 57.244781 1.000000
19577 9.247849 -54.574638 56.907276 1.000000
19578 8.932179 -55.708984 56.101337 1.000000
19579 9.087037 -54.086506 56.595104 1.000000
19580 7.480935 -52.190208 56.208305 1.000000
19581 8.460567 -53.107117 55.809620 1.000000
19582 8.130560 -52.646526 55.276649 1.000000
19583 8.561514 -53.402504 54.460060 1.000000
19584 7.617648 -52.294525 54.801250 1.000000
19585 8.755976 -49.251526 56.716259 1.000000
19586 7.406912 -49.493073 56.913475 1.000000
19587 7.882604 -49.301136 56.069935 1.000000
19588 6.268846 -49.274220 54.077156 1.000000
19589 6.235568 -49.724789 54.827843 1.000000
19590 6.001352 -50.340435 54.113117 1.000000
19595 5.734972 -48.575283 51.042809 1.000000
19618 57.090199 -15.077191 38.480404 1.000000
19619 56.535515 -15.619978 38.689487 1.000000
19620 55.288765 -16.623423 37.759869 1.000000
19621 55.977562 -16.174688 39.036617 1.000000
19643 54.416676 -17.363623 39.976818 1.000000
19647 52.498638 -19.338276 42.942806 1.000000
19648 52.032074 -19.649746 41.591908 1.000000
19649 51.256508 -20.205235 41.874973 1.000000
19650 50.126026 -21.004131 40.750511 1.000000
19651 50.480156 -20.713272 42.018360 1.000000
19655 49.827080 -21.439358 44.653313 1.000000
19657 49.431328 -21.443256 43.319092 1.000000
19658 49.019142 -21.604300 41.987942 1.000000
19659 48.320827 -22.084341 41.922226 1.000000
19660 47.296227 -22.803150 40.442932 1.000000
19661 47.531898 -22.679140 41.737850 1.000000
19663 45.950489 -23.740255 41.243969 1.000000
19664 45.186001 -24.172785 41.028976 1.000000
19665 44.586681 -24.794447 39.740227 1.000000
19666 44.558132 -24.585781 40.879326 1.000000
19719 50.356216 -21.476904 51.754601 1.000000
19721 48.345943 -24.060690 54.279858 1.000000
19727 46.836639 -24.222988 47.603893 1.000000
19728 46.760986 -24.043262 46.287983 1.000000
19729 45.781380 -24.794147 46.095497 1.000000
19730 43.010662 -26.228367 43.262760 1.000000
19731 43.766472 -25.572325 43.360893 1.000000
19732 42.981529 -25.872614 41.987328 1.000000
19733 43.045509 -25.736319 40.689777 1.000000
19737 39.259392 -28.091867 41.091949 1.000000
19738 39.570381 -27.937618 39.923302 1.000000
19739 38.742287 -28.544155 39.751770 1.000000
19740 38.572300 -29.286915 38.834496 1.000000
19741 37.976849 -29.208630 39.732780 1.000000
19743 39.086658 -29.608219 44.752026 1.000000
19744 38.075249 -30.219213 44.459694 1.000000
19745 35.511581 -30.871775 41.502113 1.000000
19746 36.364632 -30.229645 41.640221 1.000000
19747 35.805199 -30.550961 40.411701 1.000000
19748 36.380756 -30.371731 39.516624 1.000000
19749 35.645863 -31.080317 39.450180 1.000000
19750 35.701332 -31.775049 38.783184 1.000000
19751 34.968575 -31.775269 39.476799 1.000000
19752 33.198933 -33.618103 40.470936 1.000000
19753 33.773392 -33.481728 39.562248 1.000000
19754 33.299553 -34.374531 39.722321 1.000000
19755 33.609318 -35.234871 39.126247 1.000000
19756 32.907093 -35.268951 39.937572 1.000000
19757 38.497002 -33.661743 54.966198 1.000000
19758 38.645012 -33.134315 53.711006 1.000000
19759 37.499767 -33.655479 53.426949 1.000000
19760 34.889965 -34.436863 50.771450 1.000000
19761 35.846386 -33.890324 50.920124 1.000000
19762 34.992634 -34.053951 49.736050 1.000000
19763 35.014748 -33.693130 48.589184 1.000000
19764 33.990192 -34.024391 48.360344 1.000000
19765 30.509302 -36.266731 49.734821 1.000000
19766 31.652777 -35.808891 49.881573 1.000000
19767 30.832880 -36.078560 48.761124 1.000000
19768 30.745670 -36.080093 45.812405 1.000000
19769 31.300455 -35.492958 46.789402 1.000000
19770 31.452021 -35.184090 45.776283 1.000000
19771 32.320969 -34.432762 45.836159 1.000000
19772 31.645105 -34.830490 44.743645 1.000000
19773 31.904858 -34.445091 43.614983 1.000000
19774 31.269909 -35.431450 43.660042 1.000000
19775 30.994900 -37.742943 42.234497 1.000000
19776 31.245306 -36.698231 41.933968 1.000000
19777 31.480347 -37.424980 41.384304 1.000000
19778 32.175125 -37.156532 40.481590 1.000000
19779 31.685919 -38.093880 40.857189 1.000000
19780 31.927288 -38.711479 40.198280 1.000000
19781 31.320883 -39.097603 41.191509 1.000000
19782 30.760986 -41.348915 43.133682 1.000000
19783 30.834646 -40.925606 41.899384 1.000000
19784 30.878735 -41.794186 42.462780 1.000000
19785 31.119793 -42.227818 41.731178 1.000000
19786 31.103708 -42.531059 43.032387 1.000000
19787 31.418833 -42.259712 47.360756 1.000000
19788 31.251446 -42.131145 46.313042 1.000000
19789 31.676037 -42.840794 47.077785 1.000000
19790 32.390842 -44.225674 47.132107 1.000000
19791 31.735342 -43.780476 46.352993 1.000000
19792 32.130219 -43.952671 45.750660 1.000000
19793 31.946386 -43.713387 44.359863 1.000000
19794 32.458233 -44.245613 45.051598 1.000000
19795 32.647083 -44.585217 44.266682 1.000000
19796 32.942909 -44.734745 45.567921 1.000000
19797 34.322533 -45.953682 47.962944 1.000000
19798 34.012234 -45.780464 46.560204 1.000000
19799 34.355083 -46.397266 46.970661 1.000000
19800 33.904808 -46.891582 46.091480 1.000000
21217 31.451599 -48.173115 47.589977 1.000000
21220 28.991787 -50.358932 46.529545 1.000000
21221 28.942438 -50.040607 45.469296 1.000000
21222 28.430538 -50.870720 44.706051 1.000000
21224 28.232264 -51.833843 43.980053 1.000000
21225 29.499649 -52.339813 50.302303 1.000000
21226 29.455479 -51.773022 49.439919 1.000000
21227 28.831757 -52.499096 48.599613 1.000000
21229 28.133575 -53.334370 45.269798 1.000000
21285 14.716913 -63.681225 61.808632 1.000000
21286 15.906446 -63.282799 61.929878 1.000000
21287 15.380506 -64.075775 60.894203 1.000000
21288 15.170247 -64.161530 57.199837 1.000000
21289 15.857701 -63.728413 58.444572 1.000000
21290 15.989157 -63.341866 57.012737 1.000000
21291 16.890240 -62.551247 56.849670 1.000000
21292 16.149128 -63.082970 55.513256 1.000000
21293 14.693960 -67.802002 53.304272 1.000000
21294 14.323599 -66.802422 53.719269 1.000000
21295 15.396975 -66.985207 53.112038 1.000000
21296 18.015152 -64.951111 52.256378 1.000000
21297 16.817871 -65.070488 52.676849 1.000000
21298 17.621359 -64.152420 52.689564 1.000000
21299 17.427259 -63.213196 53.128471 1.000000
21302 19.404499 -63.291893 51.985146 1.000000
21303 22.282080 -63.867912 50.644928 1.000000
21306 23.565044 -62.779572 49.755585 1.000000
21307 23.530582 -63.384998 48.693352 1.000000
21310 16.460836 -71.632629 47.012775 1.000000
21629 57.451862 -16.292309 29.140112 1.000000
21630 55.205261 -17.449270 32.067070 1.000000
21631 55.945061 -16.685814 31.860569 1.000000
21632 55.400532 -17.834702 31.320309 1.000000
21633 56.047302 -20.565098 29.905910 1.000000
21634 56.030449 -18.970169 29.975306 1.000000
21635 56.359814 -19.779469 29.436224 1.000000
21639 57.073082 -21.890537 28.850956 1.000000
21640 59.068565 -23.914608 29.545795 1.000000
21641 58.874565 -23.660221 28.877661 1.000000
21642 59.664062 -24.312571 28.968546 1.000000
21643 59.816978 -24.769711 28.354465 1.000000
21644 60.080750 -24.990852 29.117176 1.000000
21645 50.919491 -22.177473 34.519463 1.000000
21646 51.470421 -21.667866 34.160889 1.000000
21647 51.637493 -23.024250 34.278236 1.000000
21648 54.430489 -24.701521 35.061848 1.000000
21649 53.661415 -24.059607 34.174725 1.000000
21650 54.797047 -24.481625 34.194096 1.000000
21651 55.088356 -24.138668 33.322529 1.000000
21652 55.864521 -24.795874 34.188732 1.000000
21653 57.567230 -25.897043 39.301239 1.000000
21654 56.745972 -25.628103 38.306114 1.000000
21655 57.931892 -25.524008 38.291016 1.000000
21656 59.418205 -25.253561 35.482067 1.000000
21657 58.508148 -25.201048 35.963097 1.000000
21658 58.737537 -25.196339 34.706818 1.000000
21659 57.952393 -25.048653 33.948475 1.000000
21660 58.853779 -25.079132 33.512665 1.000000
21661 58.920860 -24.857174 32.398376 1.000000
21662 59.635773 -25.176529 32.914009 1.000000
21663 60.849663 -26.417007 32.139671 1.000000
21664 60.715614 -25.831104 31.662985 1.000000
21665 60.566906 -26.495050 31.036388 1.000000
21666 60.202736 -26.498447 30.011780 1.000000
21667 59.892944 -27.096334 30.694790 1.000000
21668 58.776051 -27.508163 30.348368 1.000000
21669 59.362438 -27.595551 31.295467 1.000000
21670 58.359425 -28.635248 33.673084 1.000000
21671 58.059826 -28.663219 32.657463 1.000000
21672 57.260811 -29.335836 33.384789 1.000000
21673 55.927399 -29.974152 32.835197 1.000000
21674 56.306648 -30.092138 33.959892 1.000000
21675 59.254993 -29.609364 38.375881 1.000000
21676 58.910896 -29.154202 37.259373 1.000000
21677 58.263233 -30.153622 37.679634 1.000000
21678 55.958210 -32.923023 36.275917 1.000000
21679 56.307304 -31.607580 36.276947 1.000000
21680 55.344524 -32.439087 35.649719 1.000000
21681 54.769043 -31.902456 34.800510 1.000000
21682 54.309437 -33.245770 35.193939 1.000000
21683 53.447502 -34.009148 34.641941 1.000000
21686 55.458466 -36.711544 33.847843 1.000000
21690 44.158165 -31.391895 38.966499 1.000000
21691 45.009018 -30.928898 38.821808 1.000000
21692 45.100857 -31.967108 39.975483 1.000000
21695 47.568836 -33.208935 42.672928 1.000000
21696 48.334484 -32.895317 42.301815 1.000000
21708 54.117573 -35.947403 47.913677 1.000000
21709 53.962135 -34.960060 47.853462 1.000000
21710 54.751137 -35.042492 47.527092 1.000000
21711 55.407318 -33.884876 46.996834 1.000000
21712 55.400429 -35.017906 46.937675 1.000000
21720 53.061554 -42.478924 43.902885 1.000000
21724 54.647285 -40.900417 42.405617 1.000000
21725 54.612335 -41.873394 42.572845 1.000000
21726 54.552834 -41.068768 43.634560 1.000000
21728 54.664368 -40.097507 44.907681 1.000000
21730 55.217804 -39.122917 44.997120 1.000000
21731 56.146435 -37.084911 43.084145 1.000000
21732 55.970070 -37.240032 44.536839 1.000000
21733 56.261829 -36.199181 44.077721 1.000000
21734 56.391762 -35.193348 44.929829 1.000000
21735 56.709839 -35.192844 43.415859 1.000000
21736 57.243172 -34.260662 42.763935 1.000000
21737 56.955696 -35.323589 41.987694 1.000000
21742 60.482738 -36.677349 37.224751 1.000000
23084 8.750371 -54.450214 46.371044 1.000000
23089 8.778994 -52.540394 49.736725 1.000000
23090 9.041146 -53.760521 49.247570 1.000000
23092 9.115778 -53.990692 47.517982 1.000000
23098 32.827888 -46.321236 43.674049 1.000000
23100 31.764633 -46.870384 42.840584 1.000000
23278 19.293089 -59.765190 64.300491 1.000000
23279 20.100338 -60.689484 63.827251 1.000000
23280 18.942165 -60.903465 63.814110 1.000000
23281 18.583775 -61.806519 62.928173 1.000000
23282 18.252239 -62.442665 61.792763 1.000000
23305 45.264210 -25.982397 37.844921 1.000000
23306 45.862572 -26.728521 37.372673 1.000000
23307 45.521908 -27.205347 37.630138 1.000000
23308 45.986412 -28.594431 37.998730 1.000000
23309 46.371483 -29.812738 38.558788 1.000000
23548 8.198539 -60.142487 58.066334 1.000000
23549 7.737410 -61.413258 58.157940 1.000000
23550 7.382353 -61.005798 57.591576 1.000000
23551 6.611138 -61.848625 57.047558 1.000000
23552 5.977791 -62.542645 56.330799 1.000000
23575 35.473793 -35.446697 38.080097 1.000000
23577 35.929150 -36.603661 37.851578 1.000000
23593 56.715088 -24.538921 25.820124 1.000000
23595 56.133095 -25.170803 26.422245 1.000000
23596 55.647747 -25.869665 27.028149 1.000000
23597 55.114368 -26.552942 27.429712 1.000000
23598 54.503765 -27.228369 27.748020 1.000000
23599 55.548126 -27.260998 28.028894 1.000000
23600 55.915478 -27.795361 28.796667 1.000000
23601 56.336891 -28.106421 29.705973 1.000000
23753 30.873302 -42.931622 52.769997 1.000000
23754 32.095379 -43.385899 53.451881 1.000000
23755 30.819269 -43.345905 53.510490 1.000000
23756 30.886200 -43.654575 54.230579 1.000000
23757 30.845928 -43.909973 55.034496 1.000000
23761 24.328342 -45.148876 61.509865 1.000000
23762 24.804050 -45.722404 62.422436 1.000000
23763 25.355953 -46.419655 62.811199 1.000000
23764 24.217665 -46.229076 62.107929 1.000000
23765 23.512720 -46.673737 61.669506 1.000000
23779 12.390079 -49.432240 70.660263 1.000000
23780 11.832501 -50.328785 69.959755 1.000000
23781 11.531910 -51.033974 69.121925 1.000000
23782 10.970397 -50.228600 69.995399 1.000000
23783 10.133159 -50.167328 69.782814 1.000000
23784 9.482152 -49.939186 69.460587 1.000000
23821 41.127190 -30.766171 51.264343 1.000000
23822 41.154621 -31.017506 52.046101 1.000000
23823 40.096069 -31.695667 51.711739 1.000000
23824 39.042759 -32.339310 51.447571 1.000000
23825 27.521454 -37.598518 51.466225 1.000000
23826 28.004141 -37.639149 51.021858 1.000000
23831 29.341681 -41.778111 51.272820 1.000000
23832 30.015253 -42.427223 51.971783 1.000000
24118 30.111546 -54.375488 54.927349 1.000000
24120 24.800816 -60.068779 48.742287 1.000000
24121 25.506006 -59.824921 48.242397 1.000000
24129 12.587356 -71.857162 52.837372 1.000000
24130 13.611010 -71.342026 53.061321 1.000000
24131 13.749374 -72.018890 52.547340 1.000000
24132 14.921789 -71.899925 52.042305 1.000000
24133 15.959259 -71.477722 51.125507 1.000000
24196 54.183937 -17.620743 35.380043 1.000000
24197 54.021233 -18.003239 34.320797 1.000000
24198 53.515617 -18.424669 34.567822 1.000000
24199 53.014446 -19.373409 33.840443 1.000000
24200 52.712036 -20.525278 33.437820 1.000000
24201 57.238903 -28.713299 44.049885 1.000000
24202 57.848457 -28.040874 43.152031 1.000000
24203 58.183998 -28.666540 43.828018 1.000000
24204 58.966164 -28.810843 43.313622 1.000000
24205 59.528664 -29.060705 42.623413 1.000000
24206 59.856964 -29.481289 41.829811 1.000000
24207 59.522255 -30.136230 42.659389 1.000000
24208 59.245544 -31.298153 42.389778 1.000000
24209 58.819073 -32.458363 41.872536 1.000000
24628 7.692865 -56.624535 53.650230 1.000000
24629 6.664327 -57.708946 53.387276 1.000000
24630 6.950421 -57.256927 52.760235 1.000000
24631 6.519291 -57.763496 51.924400 1.000000
24632 6.102532 -58.267384 51.066826 1.000000
24633 6.514226 -57.641102 47.163399 1.000000
24635 6.832376 -58.665718 46.950485 1.000000
24637 8.900785 -60.582375 46.370979 1.000000
24655 31.623770 -41.603607 39.095844 1.000000
24656 32.170952 -41.600571 38.076637 1.000000
24657 31.992863 -42.400143 38.462780 1.000000
24658 32.347252 -43.178062 37.937080 1.000000
24659 32.727406 -43.947968 37.501915 1.000000
25195 26.946987 -56.429272 62.471001 1.000000
25196 26.851444 -56.000977 61.042961 1.000000
25197 26.157740 -56.794243 61.514717 1.000000
25198 25.131727 -57.018902 60.347736 1.000000
25199 24.031273 -57.197289 59.153156 1.000000
25202 20.677887 -59.555550 56.155792 1.000000
25276 49.473015 -21.573009 38.035759 1.000000
25277 49.420830 -21.967978 36.833786 1.000000
25278 48.925068 -22.528023 37.051193 1.000000
25279 48.877552 -23.816217 36.513416 1.000000
25280 49.251038 -25.244122 36.652225 1.000000
25281 49.290489 -29.484608 39.073689 1.000000
25282 49.742836 -28.902517 38.801590 1.000000
25283 50.244457 -29.824909 39.826157 1.000000
25284 51.235535 -30.089884 40.562935 1.000000
25285 52.248116 -30.080652 41.384991 1.000000
25286 53.244019 -29.854584 42.125046 1.000000
25287 52.785656 -30.656275 42.500843 1.000000
25288 53.193348 -31.201977 43.628059 1.000000
25289 53.457466 -31.829239 44.777794 1.000000
26005 11.950197 -61.167000 63.158386 1.000000
26006 12.174358 -62.322289 63.025917 1.000000
26007 11.391873 -62.365986 62.872204 1.000000
26008 10.861851 -63.428993 62.213123 1.000000
26009 10.418266 -64.350739 61.217670 1.000000
26010 7.703412 -65.717239 57.363770 1.000000
26011 8.287605 -65.882385 57.957569 1.000000
26012 8.120855 -66.382904 56.797386 1.000000
26013 8.594422 -67.276154 55.913219 1.000000
26014 9.046858 -68.189682 55.124413 1.000000
26015 9.531538 -69.129044 54.518108 1.000000
26016 8.956767 -68.834030 54.040783 1.000000
26017 8.967897 -69.641464 53.023766 1.000000
26018 8.861638 -70.546600 52.064568 1.000000
26019 5.801353 -61.800392 52.510670 1.000000
26020 5.737235 -62.507500 53.055901 1.000000
26021 6.353875 -62.906433 52.068413 1.000000
26022 7.023818 -63.973381 51.562214 1.000000
26023 7.505250 -65.103661 50.799740 1.000000
26032 9.415981 -74.164505 47.741783 1.000000
26033 10.901712 -74.067024 47.530472 1.000000
26034 10.167137 -74.124794 46.947758 1.000000
26086 40.309078 -30.219687 37.877556 1.000000
26097 42.946056 -39.313808 37.393597 1.000000
26165 51.236950 -34.645412 32.677460 1.000000
26166 52.134197 -35.488567 33.197842 1.000000
26615 34.698830 -46.171406 49.321381 1.000000
26616 35.169060 -46.823597 49.421555 1.000000
26617 35.173317 -46.488976 50.308704 1.000000
26618 35.671181 -46.800735 51.275402 1.000000
26619 36.080666 -47.070583 52.242901 1.000000
26620 36.196159 -45.220875 56.428650 1.000000
26621 36.526466 -46.191669 55.891949 1.000000
26622 36.713177 -46.321514 56.967426 1.000000
26623 36.905266 -47.286091 57.279060 1.000000
26624 36.737206 -48.214485 57.597462 1.000000
26625 36.371387 -49.286057 57.519001 1.000000
26626 36.566246 -48.603695 58.505054 1.000000
26627 36.354527 -49.048714 59.578674 1.000000
26628 36.041847 -49.419701 60.436943 1.000000
26632 28.237629 -43.729668 57.714622 1.000000
26637 31.565693 -46.863392 63.888115 1.000000
26638 32.762367 -47.662640 63.861065 1.000000
26639 33.677853 -48.446495 63.504158 1.000000
26640 32.778461 -48.608356 63.986897 1.000000
26641 32.512096 -49.629341 63.938660 1.000000
26642 31.835636 -50.763275 63.760796 1.000000
26645 29.754034 -51.293274 63.847095 1.000000
26646 28.607452 -51.743378 63.582085 1.000000
26647 25.098461 -50.050262 60.695312 1.000000
26649 24.307896 -51.249275 60.728039 1.000000
26650 23.406586 -52.407448 60.937691 1.000000
26652 21.985004 -54.946033 61.792194 1.000000
26653 21.574917 -54.244957 60.803761 1.000000
26655 19.371422 -54.881512 60.102776 1.000000
26688 15.233188 -50.697895 65.710083 1.000000
26689 15.818944 -50.390659 64.746964 1.000000
26691 15.135122 -50.932396 61.895397 1.000000
26692 15.242536 -51.376091 60.168018 1.000000
26693 15.772413 -52.410259 58.923412 1.000000
26694 14.923490 -52.551125 59.211357 1.000000
26695 14.833278 -54.078838 58.843689 1.000000
26696 14.718295 -55.666737 59.297760 1.000000
26697 14.257443 -56.991737 60.345379 1.000000
26698 14.164592 -55.726921 59.296165 1.000000
26699 13.490149 -55.735695 59.365936 1.000000
26700 12.806705 -55.527203 59.487213 1.000000
26701 9.932927 -53.312733 64.126511 1.000000
26702 10.293850 -53.617943 62.808155 1.000000
26703 9.708528 -53.807373 62.845665 1.000000
26704 9.816177 -54.222221 61.400379 1.000000
26705 10.051746 -54.569561 60.124062 1.000000
26706 10.242551 -55.487251 59.196064 1.000000
26707 9.622606 -54.565968 60.119835 1.000000
26708 9.246901 -54.412590 60.102196 1.000000
26709 9.069227 -54.132988 59.895161 1.000000
26714 8.682014 -48.768841 66.032257 1.000000
26715 9.047879 -48.978436 61.732647 1.000000
26716 8.282621 -49.215492 62.610466 1.000000
26717 7.621707 -49.467133 61.808746 1.000000
26718 6.484796 -50.128033 61.725506 1.000000
26719 6.029063 -51.082180 61.420471 1.000000
26720 6.582067 -51.964336 60.918465 1.000000
26721 6.259990 -51.502453 60.412903 1.000000
26722 6.762910 -51.992786 59.321724 1.000000
26723 7.437077 -52.506172 58.214882 1.000000
26724 8.233356 -52.969707 57.184364 1.000000
26725 7.174791 -52.128944 57.744495 1.000000
26726 6.895386 -51.758850 57.279003 1.000000
26727 6.620084 -51.253448 56.783455 1.000000
26728 9.580867 -48.912331 54.979370 1.000000
26729 8.253441 -49.105072 55.263031 1.000000
26730 8.631990 -48.896099 54.379841 1.000000
26731 7.392720 -48.761749 53.860271 1.000000
26732 6.263448 -48.762226 53.288849 1.000000
26734 6.266953 -48.505424 52.430840 1.000000
26764 53.757671 -18.290554 42.278755 1.000000
26771 50.317799 -21.449245 45.955463 1.000000
26772 49.102638 -22.091022 44.571541 1.000000
26774 48.237114 -22.747412 44.328312 1.000000
26775 47.299896 -23.279659 44.129982 1.000000
26776 46.424397 -23.722504 43.788311 1.000000
26819 41.064953 -27.433191 42.734615 1.000000
26820 40.088734 -27.929974 42.514343 1.000000
26821 39.125328 -28.460068 42.337788 1.000000
26822 37.133919 -31.389654 45.398792 1.000000
26823 37.102745 -30.793650 44.184727 1.000000
26824 36.168468 -31.318111 43.969852 1.000000
26825 35.332600 -31.307379 42.629372 1.000000
26826 34.696350 -31.516430 41.374489 1.000000
26827 34.396519 -31.918964 40.419170 1.000000
26828 33.971481 -32.231670 41.441422 1.000000
26829 33.300152 -32.956123 41.484642 1.000000
26830 32.714020 -33.846485 41.464302 1.000000
26831 36.283291 -34.557079 54.351006 1.000000
26832 36.437538 -34.104504 53.170525 1.000000
26833 35.480289 -34.627842 52.949677 1.000000
26834 34.709404 -34.734509 51.688049 1.000000
26835 33.822105 -34.830193 50.450356 1.000000
26836 29.471409 -37.372303 47.920078 1.000000
26837 30.189014 -36.515244 47.831738 1.000000
26838 29.784460 -37.165932 46.940002 1.000000
26839 30.110065 -36.953262 45.855392 1.000000
26840 30.452465 -36.782307 44.726784 1.000000
26841 30.770554 -36.468536 43.664398 1.000000
26842 30.416220 -37.502403 43.836292 1.000000
26843 30.542404 -38.173714 43.138630 1.000000
26844 30.721399 -38.785954 42.657974 1.000000
26845 30.878490 -39.440132 42.173042 1.000000
26846 30.592182 -39.776237 43.185139 1.000000
26847 30.680365 -40.806927 43.655663 1.000000
26848 30.864086 -41.725716 44.206841 1.000000
26849 32.442532 -43.429211 48.979671 1.000000
26850 32.000053 -43.501534 47.920074 1.000000
26851 32.394630 -43.993904 48.802254 1.000000
26852 32.643238 -44.406837 48.421837 1.000000
26853 33.026184 -44.689739 47.774536 1.000000
26854 33.340221 -44.947521 47.002258 1.000000
26855 33.649509 -45.162476 48.311787 1.000000
26856 34.191639 -45.675102 48.845551 1.000000
27706 31.897696 -48.811813 49.611961 1.000000
27712 28.336018 -53.161591 47.861744 1.000000
27721 25.894329 -54.845398 53.593616 1.000000
27723 24.862932 -55.627739 50.748009 1.000000
27724 25.107037 -56.286030 49.212109 1.000000
27747 13.788409 -65.157486 59.796062 1.000000
27748 14.839300 -64.657166 59.856457 1.000000
27749 14.193761 -65.255722 58.642555 1.000000
27750 14.366900 -65.061440 57.318615 1.000000
27751 14.543123 -64.830185 55.808483 1.000000
27752 17.403111 -67.747757 52.631470 1.000000
27753 16.714306 -66.872147 52.643604 1.000000
27754 18.061195 -66.712654 52.354919 1.000000
27755 18.632498 -65.663048 52.150879 1.000000
27756 19.242271 -64.719681 52.022636 1.000000
27757 19.837545 -63.972485 51.825867 1.000000
27760 22.065525 -64.410240 49.488842 1.000000
27954 54.665264 -19.821070 31.216228 1.000000
27955 55.063873 -19.184559 30.916504 1.000000
27956 55.108009 -20.547092 30.800716 1.000000
27957 55.766808 -21.337925 30.393097 1.000000
27958 56.489788 -21.890057 29.926525 1.000000
27959 57.235180 -22.443213 29.382969 1.000000
27960 57.341087 -22.918144 29.994217 1.000000
27961 58.292198 -23.645344 30.118465 1.000000
27962 59.063343 -24.156580 30.358850 1.000000
27963 51.886646 -24.710806 35.564781 1.000000
27964 52.246094 -24.176867 34.914612 1.000000
27965 53.024647 -24.995817 35.835583 1.000000
27966 54.128773 -25.095879 36.001362 1.000000
27967 55.188366 -25.113083 36.091480 1.000000
27968 59.545494 -25.721436 38.928135 1.000000
27969 58.926563 -25.455530 38.098698 1.000000
27970 59.729023 -25.523155 37.590763 1.000000
27971 60.004478 -25.424698 36.227875 1.000000
27972 60.155098 -25.522472 34.880466 1.000000
27973 60.302906 -25.462078 33.549126 1.000000
27974 60.769451 -25.893322 34.141361 1.000000
27975 61.004131 -26.409840 33.384853 1.000000
27976 60.662743 -27.010092 32.725601 1.000000
27977 59.859760 -27.607418 32.242794 1.000000
27978 60.208717 -27.551107 33.377693 1.000000
27979 59.419823 -28.078060 34.082970 1.000000
27980 58.522533 -28.626745 34.808701 1.000000
27981 58.294304 -31.884882 38.478725 1.000000
27982 57.753990 -31.378576 37.787712 1.000000
27983 57.457317 -32.597130 37.596241 1.000000
27984 56.710461 -33.431122 36.886456 1.000000
27985 56.018761 -34.362934 36.217506 1.000000
27986 55.301750 -35.147430 35.516632 1.000000
27987 56.523705 -35.566006 35.642784 1.000000
27988 57.319588 -36.389729 34.771145 1.000000
27991 45.099617 -32.767319 41.260174 1.000000
28003 54.412762 -36.933666 47.601326 1.000000
28013 54.905560 -39.875992 42.220459 1.000000
28014 55.391716 -39.011608 43.704674 1.000000
28015 55.361290 -38.856922 42.074173 1.000000
28016 55.824707 -37.886276 41.723549 1.000000
28017 56.431702 -37.005104 41.286293 1.000000
28018 56.968376 -36.257694 40.869072 1.000000
28019 57.086109 -37.218834 39.544411 1.000000
28020 58.110832 -37.709423 38.097229 1.000000
28915 8.412265 -54.436646 51.795288 1.000000
28916 8.049480 -55.772511 51.240356 1.000000
28917 8.463387 -55.244728 50.824272 1.000000
28918 8.158205 -55.898048 49.732731 1.000000
28919 7.735730 -56.400738 48.630318 1.000000
28921 8.067682 -55.825359 48.050327 1.000000
28922 7.144547 -56.622833 47.557228 1.000000
28923 6.768237 -57.104481 46.538757 1.000000
28937 32.288536 -44.368019 40.345146 1.000000
28939 32.336830 -45.473160 40.400410 1.000000
29356 23.471426 -58.426155 64.063271 1.000000
29357 23.923145 -58.701538 62.921864 1.000000
29358 23.015009 -59.336414 63.261181 1.000000
29359 22.286633 -59.820824 61.893555 1.000000
29360 21.505709 -60.085075 60.544140 1.000000
29361 20.672464 -61.109276 62.433678 1.000000
29419 47.053902 -23.651022 38.114273 1.000000
29420 47.383511 -24.346470 37.346870 1.000000
29421 46.972900 -24.966970 37.260765 1.000000
29422 47.307392 -26.400015 37.062111 1.000000
29423 47.794914 -27.824249 37.449780 1.000000
29424 46.582798 -27.535517 37.372681 1.000000
29425 47.411427 -28.328999 37.693081 1.000000
29426 48.348793 -29.001511 38.347515 1.000000
29427 48.820137 -29.990601 39.424019 1.000000
29428 49.360966 -30.918415 40.522133 1.000000
29429 49.739033 -31.840549 41.661949 1.000000
29986 9.777101 -60.955524 61.042767 1.000000
29987 9.583926 -62.217674 61.265511 1.000000
29988 9.202973 -62.029549 60.464752 1.000000
29989 8.575162 -63.091179 59.640026 1.000000
29990 7.993781 -64.053558 58.765694 1.000000
29991 7.459597 -62.677662 58.188038 1.000000
29992 7.379702 -63.771900 58.049084 1.000000
29993 7.464910 -64.859238 57.775902 1.000000
29994 7.172830 -65.466110 56.731689 1.000000
29995 7.141942 -65.883926 55.499382 1.000000
29996 7.489099 -66.286392 54.220604 1.000000
29997 8.421707 -64.294502 47.623451 1.000000
30008 8.081903 -73.948547 44.777744 1.000000
30049 37.683823 -32.312256 38.083031 1.000000
30059 39.861061 -39.738434 35.958828 1.000000
30110 53.102257 -30.485714 30.588516 1.000000
30373 15.485098 -46.049244 52.404072 1.000000
30374 15.583386 -46.007889 51.271740 1.000000
30461 33.936291 -44.158875 51.885334 1.000000
30462 34.531353 -44.992928 52.594158 1.000000
30463 34.470955 -44.178982 52.828705 1.000000
30464 34.922951 -44.231384 53.879372 1.000000
30465 35.268085 -44.298027 54.804321 1.000000
30466 33.463501 -43.680054 54.236828 1.000000
30467 34.634308 -43.995014 54.992542 1.000000
30468 35.519913 -44.462463 55.821922 1.000000
30469 35.567059 -44.729923 56.746746 1.000000
30470 35.491928 -45.139469 57.703056 1.000000
30471 35.257301 -45.581573 58.624084 1.000000
30472 24.337124 -43.012817 57.797016 1.000000
30473 25.819433 -43.437412 58.514091 1.000000
30481 28.722458 -46.370583 64.416260 1.000000
30482 29.150539 -47.386230 64.341049 1.000000
30483 29.268600 -48.436226 63.843201 1.000000
30484 28.392023 -47.642029 63.672985 1.000000
30485 27.642105 -47.903240 62.774071 1.000000
30487 25.627417 -47.153679 62.415527 1.000000
30488 25.818701 -47.892292 61.762245 1.000000
30489 25.608271 -48.846886 60.973278 1.000000
30516 16.004366 -48.079800 68.059410 1.000000
30517 16.021778 -49.082176 68.057350 1.000000
30518 15.694333 -49.913353 67.856155 1.000000
30519 14.361677 -49.616917 69.726776 1.000000
30520 14.805353 -50.205017 68.624435 1.000000
30521 15.184706 -50.518711 67.326035 1.000000
30522 14.549887 -50.937275 66.569061 1.000000
30523 13.785475 -51.326408 65.460312 1.000000
30524 13.104922 -51.798798 64.128799 1.000000
30525 12.665837 -52.208717 62.623363 1.000000
30527 11.782782 -52.444622 65.045288 1.000000
30528 11.107693 -52.682545 65.280754 1.000000
30529 11.138305 -51.731209 67.937012 1.000000
30530 10.794653 -52.402802 66.709641 1.000000
30531 10.320045 -52.851025 65.420013 1.000000
30532 9.522847 -52.993645 65.405052 1.000000
30533 8.824562 -52.969074 65.234962 1.000000
30534 8.185771 -52.731140 64.966324 1.000000
30541 11.987372 -47.392086 61.755951 1.000000
30543 9.736784 -48.771862 60.797295 1.000000
30544 9.062946 -49.121506 60.044838 1.000000
30545 8.235400 -49.325554 59.215870 1.000000
30546 7.604601 -49.462223 58.404156 1.000000
30547 9.001340 -49.247906 58.341797 1.000000
30548 9.608319 -49.138062 57.482800 1.000000
30549 10.140675 -49.018600 56.601978 1.000000
30552 10.549577 -48.816765 55.690868 1.000000
30553 10.932783 -48.640236 54.814281 1.000000
30554 11.298074 -48.476845 53.924011 1.000000
30622 39.191460 -30.917587 47.280041 1.000000
30623 40.193298 -31.131908 50.038044 1.000000
30624 39.260834 -31.357029 48.639599 1.000000
30625 38.223461 -31.461889 47.019321 1.000000
30626 37.234695 -31.938564 46.602310 1.000000
30627 36.273266 -32.388771 46.294243 1.000000
30628 35.127281 -32.806732 46.018963 1.000000
30630 32.033474 -35.889675 51.908089 1.000000
30631 30.857635 -35.930851 51.632713 1.000000
30632 30.101477 -36.319012 50.544945 1.000000
30633 29.551874 -36.838932 49.673820 1.000000
30634 28.439667 -37.727592 50.395229 1.000000
30635 28.807098 -37.684078 49.654331 1.000000
30636 29.159542 -37.576668 48.877140 1.000000
30637 29.039993 -38.352165 48.118782 1.000000
30638 29.181641 -39.301460 47.305019 1.000000
30639 29.701471 -40.096031 46.606915 1.000000
30640 30.310211 -40.709980 46.039223 1.000000
30641 30.138739 -40.957268 47.132137 1.000000
30642 30.825577 -41.735222 47.751671 1.000000
30643 31.561728 -42.312824 48.457134 1.000000
30644 30.650402 -42.037689 50.071342 1.000000
30645 31.613888 -42.357841 49.658630 1.000000
30646 32.265099 -42.838741 49.202782 1.000000
30647 32.895866 -43.333099 50.093754 1.000000
30648 33.454811 -43.801094 50.973335 1.000000
31311 31.283970 -51.486248 52.700768 1.000000
31312 30.396717 -52.253193 51.978020 1.000000
31316 28.801554 -53.332298 50.291969 1.000000
31320 23.701065 -57.441235 49.868519 1.000000
31341 12.366196 -68.383644 54.971001 1.000000
31342 13.081569 -67.554459 54.881573 1.000000
31343 13.020720 -68.483582 54.066917 1.000000
31344 13.870982 -68.587204 53.416676 1.000000
31345 15.241770 -68.755028 53.109417 1.000000
31346 14.593798 -70.638992 53.057903 1.000000
31347 15.578891 -69.687004 53.011127 1.000000
31348 16.512463 -68.684189 52.782188 1.000000
31350 18.795902 -68.215630 51.588081 1.000000
31351 19.186110 -67.665573 50.411537 1.000000
31498 57.023987 -15.270315 34.789185 1.000000
31499 56.792625 -15.366832 33.780689 1.000000
31500 56.023964 -16.205791 33.888050 1.000000
31501 55.150860 -17.203863 32.990486 1.000000
31502 54.608685 -18.168659 32.335812 1.000000
31503 54.003613 -18.405441 33.418720 1.000000
31504 54.148415 -18.821972 32.529732 1.000000
31505 54.309986 -19.285866 31.796955 1.000000
31506 54.363056 -20.495691 31.551411 1.000000
31507 54.813652 -21.797319 31.623224 1.000000
31508 55.491302 -23.133709 31.867329 1.000000
31509 55.062439 -27.222681 39.835243 1.000000
31510 55.373924 -26.341602 39.014458 1.000000
31511 56.099693 -26.907955 40.040222 1.000000
31512 57.223671 -26.495026 40.273975 1.000000
31513 58.291481 -26.266663 40.217644 1.000000
31514 58.412273 -27.312571 42.222530 1.000000
31515 58.816631 -26.689234 41.170769 1.000000
31516 59.216602 -26.165258 40.016296 1.000000
31517 59.982067 -26.260914 39.569298 1.000000
31518 60.477654 -26.626669 38.856102 1.000000
31519 60.560181 -27.219509 38.141937 1.000000
31520 60.352165 -27.742413 37.331852 1.000000
31521 60.275379 -28.031713 38.695835 1.000000
31522 59.963085 -29.040325 39.141655 1.000000
31523 59.584766 -30.120646 39.291889 1.000000
31524 59.930744 -30.039789 40.942883 1.000000
31525 59.692486 -30.634079 40.039127 1.000000
31526 59.167274 -31.184711 39.275085 1.000000
31527 58.840858 -32.416481 38.981785 1.000000
31528 58.877831 -33.645897 38.466286 1.000000
31540 51.923870 -39.414967 44.706951 1.000000
32473 7.178530 -58.496681 56.049988 1.000000
32474 6.538428 -59.606728 55.995502 1.000000
32475 6.443536 -59.109962 55.385609 1.000000
32476 5.677220 -59.700233 54.584435 1.000000
32477 5.314752 -60.140770 53.717426 1.000000
32478 5.859419 -58.739433 53.157959 1.000000
32479 5.347137 -59.704155 52.993103 1.000000
32480 5.339758 -60.674145 52.773506 1.000000
32481 5.910924 -61.260460 51.801006 1.000000
32482 6.467486 -61.830128 50.831612 1.000000
32483 7.401699 -62.291393 49.842857 1.000000
32484 7.295964 -56.866676 50.803638 1.000000
32485 6.471349 -57.765785 50.454155 1.000000
32486 5.901793 -58.714424 50.131310 1.000000
32488 5.961002 -59.224567 49.210102 1.000000
32489 5.881675 -59.786572 49.932892 1.000000
32490 6.497382 -60.803699 49.646618 1.000000
32491 7.417573 -61.709175 49.339058 1.000000
32493 8.699564 -63.828957 47.102856 1.000000
32494 8.312889 -64.605400 45.641140 1.000000
32530 33.373646 -38.255363 38.379429 1.000000
32531 33.944412 -38.408508 37.476006 1.000000
32532 33.338062 -39.185173 37.483742 1.000000
32533 33.499111 -40.188118 36.749123 1.000000
32534 33.794147 -41.141487 36.169380 1.000000
32535 32.785931 -41.724968 37.167561 1.000000
32536 33.438129 -41.922886 36.316673 1.000000
32541 32.357838 -44.453308 39.221794 1.000000
32580 57.204662 -22.700214 24.341665 1.000000
32582 57.608604 -22.720224 25.084799 1.000000
32584 57.556938 -24.636318 26.259394 1.000000
32585 58.125237 -25.286577 26.940271 1.000000
32586 58.693077 -25.808411 27.569042 1.000000
33012 45.257668 -19.085703 40.467094 1.000000
33046 40.843491 -32.530773 55.525368 1.000000
33047 40.681015 -33.112103 56.703766 1.000000
33048 39.517937 -33.664021 56.512726 1.000000
33049 38.339226 -34.130104 56.134949 1.000000
33051 38.085133 -34.553909 57.241741 1.000000
33052 37.166950 -34.557232 55.760597 1.000000
33053 36.071136 -34.998173 55.360577 1.000000
33054 34.986778 -35.334370 55.029655 1.000000
33055 33.620461 -35.513054 54.601234 1.000000
33070 27.708225 -36.564659 52.098625 1.000000
33670 30.340063 -54.667969 59.580708 1.000000
33671 29.866825 -54.559742 57.968342 1.000000
33681 23.833593 -58.385536 61.265606 1.000000
33682 23.421066 -57.909466 59.522301 1.000000
33684 21.853756 -58.537804 57.011559 1.000000
33689 23.157259 -57.061108 51.308311 1.000000
33690 23.229961 -57.817047 50.335751 1.000000
33691 23.395901 -58.657326 49.672588 1.000000
33692 23.557261 -59.326073 49.240181 1.000000
33694 22.799994 -59.721703 49.637058 1.000000
33695 23.788994 -59.865562 49.094307 1.000000
33696 24.039957 -60.323112 49.175030 1.000000
33697 24.336370 -60.916515 49.168659 1.000000
33698 24.615891 -61.567299 48.821442 1.000000
33699 13.614530 -73.380386 49.113808 1.000000
33700 14.391226 -73.040848 49.422955 1.000000
33842 51.576702 -19.807014 35.492348 1.000000
33844 50.502769 -21.353018 35.200417 1.000000
33845 50.516193 -22.765694 34.962456 1.000000
33846 49.643929 -22.577703 35.887848 1.000000
33847 50.192093 -23.332163 35.388767 1.000000
33848 50.972847 -24.122028 35.348457 1.000000
33849 51.710701 -25.178980 36.249992 1.000000
33850 52.497334 -25.974493 37.354462 1.000000
33851 53.253368 -26.659430 38.437183 1.000000
33852 48.040504 -25.095652 36.965706 1.000000
33853 48.968220 -25.902563 36.998276 1.000000
33854 49.893482 -26.477179 37.327385 1.000000
33855 50.194378 -28.204615 38.555935 1.000000
33856 50.582935 -27.532892 38.244247 1.000000
33857 50.857071 -26.797281 37.816986 1.000000
33858 51.853600 -27.035236 38.400169 1.000000
33859 52.865284 -27.247738 38.913956 1.000000
33860 53.965187 -27.337742 39.484196 1.000000
33861 54.658943 -27.955601 40.626125 1.000000
33862 55.217033 -28.356964 41.897209 1.000000
33863 55.673412 -28.636997 43.016975 1.000000
33864 54.219490 -29.561352 42.886852 1.000000
33865 55.205273 -29.212406 43.524815 1.000000
33866 56.249065 -28.928951 44.036053 1.000000
33867 56.698597 -29.445658 44.858360 1.000000
33868 56.984230 -30.302113 45.449715 1.000000
33869 57.091576 -31.325592 45.733467 1.000000
35347 15.090985 -60.747875 63.438671 1.000000
35348 15.533696 -61.719830 63.338226 1.000000
35349 14.552869 -61.926910 63.206871 1.000000
35350 14.151668 -62.965065 62.645454 1.000000
35351 13.759417 -63.795227 61.798737 1.000000
35352 12.518291 -63.293739 62.536865 1.000000
35353 12.915817 -64.035210 61.840935 1.000000
35354 13.328798 -64.640808 60.827583 1.000000
35355 12.853757 -65.504379 59.774303 1.000000
35356 12.342278 -66.299614 58.610588 1.000000
35357 12.042130 -67.266846 57.379555 1.000000
35358 9.493105 -63.275738 61.278419 1.000000
35359 9.696703 -64.281906 60.795036 1.000000
35360 10.017854 -65.177673 60.061951 1.000000
35361 8.925786 -65.894135 58.532219 1.000000
35362 9.639208 -65.960411 58.871876 1.000000
35363 10.371954 -65.981194 59.232147 1.000000
35364 10.679304 -66.817993 58.362347 1.000000
35365 11.249603 -67.617920 57.280720 1.000000
35366 11.849905 -68.153053 56.171532 1.000000
35367 11.694663 -68.937759 55.070721 1.000000
35368 11.536288 -69.782516 54.122162 1.000000
35369 11.479103 -70.707504 53.390572 1.000000
35370 10.149415 -70.064758 53.812347 1.000000
35371 10.811202 -70.908615 53.125572 1.000000
35372 11.639993 -71.529137 52.920765 1.000000
35373 11.829798 -72.166092 52.455799 1.000000
35374 11.939286 -72.701141 51.749489 1.000000
35375 12.179724 -73.132072 50.895851 1.000000
35376 6.100206 -60.756187 55.887054 1.000000
35377 5.721041 -61.925941 55.729748 1.000000
35378 5.567874 -63.133293 55.333050 1.000000
35379 5.685817 -63.161903 53.622784 1.000000
35380 5.701921 -63.711082 54.254284 1.000000
35381 5.831593 -64.239983 54.805622 1.000000
35382 6.277028 -65.096817 54.262653 1.000000
35383 6.993598 -65.861938 53.605751 1.000000
35384 7.729665 -66.869850 52.994671 1.000000
35387 7.299895 -66.427956 49.979088 1.000000
35390 7.313047 -67.044754 50.565662 1.000000
35391 7.429025 -67.455162 51.167225 1.000000
35392 7.704819 -67.780777 51.836170 1.000000
35393 8.003458 -68.065285 52.410744 1.000000
35394 8.093924 -69.130531 51.947090 1.000000
35395 8.446841 -70.251450 51.548576 1.000000
35396 8.782019 -71.535339 51.125370 1.000000
35398 8.643206 -72.538536 50.339012 1.000000
35399 9.476661 -72.540565 50.926788 1.000000
35400 10.285242 -73.164032 50.750103 1.000000
35401 11.270360 -73.362572 50.456211 1.000000
35402 12.487906 -73.466011 49.870178 1.000000
35403 12.932721 -73.562210 48.748444 1.000000
35404 13.468950 -73.696671 47.636982 1.000000
35412 9.676004 -74.129745 44.950909 1.000000
35512 43.083046 -28.019733 37.789375 1.000000
35513 43.845406 -28.899027 37.755070 1.000000
35514 43.278557 -29.398727 37.754814 1.000000
35515 43.407677 -30.746515 38.240471 1.000000
35516 43.452305 -31.888638 39.199699 1.000000
35517 41.990662 -31.690060 38.597256 1.000000
35541 34.711678 -38.709160 36.744186 1.000000
35542 35.563377 -39.068657 36.181080 1.000000
36581 32.273609 -47.369347 45.584759 1.000000
36582 31.171167 -47.723965 45.610821 1.000000
36583 32.360527 -47.583244 46.599876 1.000000
36584 32.495461 -47.765755 47.610474 1.000000
36585 32.656013 -48.032337 48.600994 1.000000
36586 34.875374 -47.591339 49.371067 1.000000
36587 33.926380 -47.968990 49.391586 1.000000
36588 32.802711 -48.369026 49.651787 1.000000
36589 33.124413 -48.710148 50.661812 1.000000
36590 33.335045 -49.125832 51.625755 1.000000
36591 33.524822 -49.562038 52.586342 1.000000
36592 35.215496 -45.906036 52.956551 1.000000
36593 35.931900 -46.628941 53.173504 1.000000
36594 36.397644 -47.351551 53.301880 1.000000
36595 36.655418 -47.082436 55.182373 1.000000
36596 36.696548 -47.630196 54.339897 1.000000
36597 36.283543 -48.061390 53.337025 1.000000
36598 35.726685 -48.747368 53.358082 1.000000
36599 34.815193 -49.460323 53.482597 1.000000
36600 33.710846 -50.076748 53.537270 1.000000
36603 33.426319 -51.956745 56.197792 1.000000
36604 35.603649 -50.398327 57.429955 1.000000
36605 34.521980 -51.540028 57.233521 1.000000
36606 33.039215 -52.677998 56.924187 1.000000
36607 32.679516 -53.216930 57.735260 1.000000
36611 29.440048 -43.456673 54.929741 1.000000
36612 30.744482 -44.167439 55.848946 1.000000
36613 28.980663 -43.652916 56.342354 1.000000
36614 30.442059 -44.239017 56.570545 1.000000
36615 32.011227 -44.620872 56.781311 1.000000
36616 33.222488 -45.001148 57.582386 1.000000
36617 34.073833 -45.447525 58.575886 1.000000
36618 34.825035 -45.984703 59.645771 1.000000
36621 30.046661 -44.855064 60.208790 1.000000
36624 31.438808 -45.414665 60.266121 1.000000
36625 32.955818 -45.979523 60.524300 1.000000
36626 34.458443 -46.269051 60.699493 1.000000
36627 35.394550 -46.632385 60.553509 1.000000
36628 35.713421 -47.551170 61.097626 1.000000
36629 35.761971 -48.626896 61.266773 1.000000
36630 35.453121 -49.735428 61.263298 1.000000
36631 34.274590 -49.278614 62.882202 1.000000
36632 34.641205 -50.109734 62.053383 1.000000
36633 34.662731 -50.966820 61.058453 1.000000
36634 33.652977 -52.146477 60.807411 1.000000
36635 32.595947 -53.413567 60.423290 1.000000
36636 31.562702 -54.295086 60.026360 1.000000
36637 30.804340 -54.526073 60.819164 1.000000
36638 29.931721 -54.796944 61.595757 1.000000
36639 28.991486 -55.121723 62.293957 1.000000
36640 30.123127 -53.458141 63.513050 1.000000
36641 29.082428 -54.726967 63.292000 1.000000
36642 27.924191 -55.629932 62.987926 1.000000
36643 26.924210 -56.109062 63.489208 1.000000
36644 26.024944 -56.500721 63.884266 1.000000
36645 24.962368 -56.804401 64.196457 1.000000
36646 29.080450 -49.526287 63.305553 1.000000
36647 28.424763 -50.763878 63.100952 1.000000
36648 27.372433 -52.112427 63.187706 1.000000
36649 25.919403 -51.613892 62.053028 1.000000
36650 26.161434 -52.466087 62.731823 1.000000
36651 26.344809 -53.445618 63.439186 1.000000
36652 25.419899 -54.666649 63.731213 1.000000
36653 24.613644 -55.856983 64.044083 1.000000
36654 23.925547 -57.174644 64.276474 1.000000
36655 22.995350 -57.520885 64.239441 1.000000
36656 22.043991 -57.786213 64.120079 1.000000
36657 21.062458 -58.162891 64.029808 1.000000
36658 21.262630 -56.110008 62.385399 1.000000
36659 20.597818 -57.284294 63.172485 1.000000
36660 19.942360 -58.482483 63.899303 1.000000
36661 18.893183 -58.766895 63.638985 1.000000
36662 17.845686 -59.104156 63.375824 1.000000
36663 16.818186 -59.439320 63.160053 1.000000
36717 20.501535 -45.248859 60.110363 1.000000
36718 20.922449 -46.102913 60.301159 1.000000
36719 21.270599 -46.840473 60.634411 1.000000
36720 21.508877 -47.500961 60.711529 1.000000
36722 20.195700 -47.709232 60.749237 1.000000
36725 20.508465 -49.758125 59.170555 1.000000
36730 16.346399 -50.018921 63.881752 1.000000
36731 16.871710 -49.628460 62.785107 1.000000
36732 17.585567 -49.335155 61.617199 1.000000
36733 17.937700 -49.823475 60.177834 1.000000
36734 18.569012 -50.554150 59.069134 1.000000
36735 19.516689 -51.583832 58.684380 1.000000
36736 19.054600 -52.633801 58.765095 1.000000
36737 18.650009 -53.867699 59.100513 1.000000
36738 18.189728 -55.064747 59.784748 1.000000
36739 16.511206 -53.786629 58.820019 1.000000
36740 17.144272 -55.254791 59.545277 1.000000
36741 17.673130 -56.259285 60.596565 1.000000
36742 17.091692 -57.487499 61.433002 1.000000
36743 16.430885 -58.671303 62.223335 1.000000
36744 15.651405 -59.700867 62.893524 1.000000
36745 14.781210 -59.794548 62.920044 1.000000
36746 13.934774 -59.899708 63.006836 1.000000
36747 13.149775 -60.048943 62.994068 1.000000
36748 13.643970 -58.119831 61.387672 1.000000
36749 12.981822 -59.064911 62.259357 1.000000
36750 12.425461 -60.130043 62.893578 1.000000
36751 11.745820 -60.247498 62.704212 1.000000
36752 11.234463 -60.226479 62.260155 1.000000
36753 10.700183 -60.085896 61.737232 1.000000
36754 12.364449 -52.907753 61.293530 1.000000
36755 12.192347 -54.027882 60.106953 1.000000
36756 12.132826 -55.332684 59.642345 1.000000
36757 10.842287 -54.078045 61.037373 1.000000
36758 11.431406 -55.195435 59.916191 1.000000
36759 11.815722 -56.770191 59.946617 1.000000
36760 11.257908 -58.006020 60.548470 1.000000
36761 10.779480 -58.949623 60.949726 1.000000
36762 10.330600 -59.856586 61.135578 1.000000
36763 9.952305 -59.789295 60.496632 1.000000
36764 9.597986 -59.578350 59.711922 1.000000
36765 9.255449 -59.356110 59.015587 1.000000
36766 10.106840 -56.707642 58.772717 1.000000
36767 9.586047 -57.935558 58.680336 1.000000
36768 8.976237 -59.086792 58.446754 1.000000
36769 8.655153 -58.819042 57.816643 1.000000
36770 8.282837 -58.466438 57.431690 1.000000
36771 8.051758 -58.094391 57.024609 1.000000
36772 10.222972 -47.790833 70.687653 1.000000
36773 9.501667 -48.803780 69.918762 1.000000
36778 8.021723 -51.324135 66.961601 1.000000
36779 7.747360 -51.816925 65.862251 1.000000
36780 7.592898 -52.326805 64.632675 1.000000
36782 9.171926 -48.511795 65.118591 1.000000
36783 7.881531 -49.364677 65.282501 1.000000
36784 7.582868 -49.480583 63.492210 1.000000
36785 7.144990 -49.796803 64.400742 1.000000
36786 6.973020 -50.201996 65.195694 1.000000
36787 6.754233 -51.144218 64.865044 1.000000
36788 7.105807 -51.926624 64.208794 1.000000
36789 7.720971 -52.727802 63.320446 1.000000
36790 8.022943 -53.050892 62.035240 1.000000
36791 8.531610 -53.452526 60.822975 1.000000
36792 9.017603 -53.811928 59.569252 1.000000
36793 7.717591 -52.740765 60.082050 1.000000
36794 8.819796 -53.434643 59.338329 1.000000
36795 9.388739 -54.448967 58.515968 1.000000
36796 9.384045 -55.538109 57.666309 1.000000
36797 8.778978 -56.713245 56.990295 1.000000
36798 8.013601 -57.662163 56.488533 1.000000
36799 8.024406 -57.155140 56.055992 1.000000
36800 8.203324 -56.759911 55.477955 1.000000
36801 8.407187 -56.224709 54.934761 1.000000
36802 8.829137 -53.543373 56.219330 1.000000
36803 8.973137 -54.549488 55.328461 1.000000
36804 8.535241 -55.646881 54.453632 1.000000
36805 8.585913 -55.092480 54.034779 1.000000
36806 8.584197 -54.493958 53.577766 1.000000
36807 8.464614 -53.940765 53.105396 1.000000
36808 6.983150 -49.709949 57.722816 1.000000
36809 6.623168 -50.157085 57.016163 1.000000
36810 6.438955 -50.774246 56.135944 1.000000
36811 7.050552 -49.384754 55.469311 1.000000
36812 6.351690 -50.239841 55.565514 1.000000
36813 6.680881 -51.381187 55.216400 1.000000
36814 7.163589 -51.866718 54.360901 1.000000
36816 8.359279 -53.422089 52.624462 1.000000
36844 58.260181 -13.941836 35.598015 1.000000
36846 56.682819 -15.403707 35.878456 1.000000
36847 55.929127 -16.068665 36.091393 1.000000
36848 57.614025 -14.414618 38.240639 1.000000
36849 56.501759 -15.621129 37.236362 1.000000
36850 55.268303 -16.606150 36.279949 1.000000
36851 54.687244 -17.102737 36.507862 1.000000
36852 54.020386 -17.629892 36.878059 1.000000
36878 55.203594 -16.785204 39.439899 1.000000
36883 51.063835 -20.165304 38.880257 1.000000
36885 51.507893 -19.953360 40.235466 1.000000
36886 50.408470 -20.745304 39.147141 1.000000
36887 49.799271 -21.243872 39.350182 1.000000
36888 49.131943 -21.676746 39.424995 1.000000
36889 48.452797 -22.147551 39.462807 1.000000
36894 51.358437 -20.198292 44.675011 1.000000
36895 50.939129 -20.394657 43.355568 1.000000
36896 49.790840 -21.135933 42.063854 1.000000
36897 48.679916 -21.842270 40.703232 1.000000
36898 47.705589 -22.591013 39.351795 1.000000
36899 47.034992 -23.152538 39.168583 1.000000
36900 46.376335 -23.735504 38.894165 1.000000
36901 45.798786 -24.274834 38.739189 1.000000
36902 46.751789 -23.227871 41.505157 1.000000
36903 45.809795 -23.914991 39.973740 1.000000
36904 45.269012 -24.842484 38.622932 1.000000
36905 44.793079 -25.261936 38.677757 1.000000
36906 44.249592 -25.732019 38.663857 1.000000
36907 43.715721 -26.262384 38.613350 1.000000
36969 51.439629 -20.785410 50.551075 1.000000
36975 48.174370 -23.530279 51.824627 1.000000
36980 47.823273 -23.346756 46.536945 1.000000
36981 46.590355 -23.863781 45.043362 1.000000
36982 45.526428 -24.337385 43.561314 1.000000
36983 44.686695 -25.221651 44.674477 1.000000
36984 44.600288 -24.901066 43.329876 1.000000
36986 43.781403 -25.138910 40.718868 1.000000
36987 43.248123 -25.842493 39.509640 1.000000
36988 43.000164 -26.855804 38.453472 1.000000
36989 42.332989 -27.388432 38.300270 1.000000
36991 40.810017 -28.494873 38.125565 1.000000
36992 40.397224 -27.390070 40.055820 1.000000
36993 40.088772 -28.103481 38.884808 1.000000
36994 40.074169 -29.083994 38.146492 1.000000
36995 39.345707 -29.638437 38.187027 1.000000
36996 38.733894 -30.184872 38.149559 1.000000
36999 39.036110 -28.976879 43.481796 1.000000
37000 38.173214 -29.007410 42.082233 1.000000
37001 37.128685 -30.156591 43.028282 1.000000
37002 37.268280 -29.626318 41.882008 1.000000
37003 37.544998 -29.298742 40.822666 1.000000
37004 37.170685 -29.835693 39.615593 1.000000
37005 37.133156 -30.525700 38.775730 1.000000
37006 37.338028 -31.346411 38.205933 1.000000
37007 36.639870 -31.926609 38.267296 1.000000
37008 36.044830 -32.690746 38.305367 1.000000
37009 35.452019 -33.513641 38.346840 1.000000
37010 34.338356 -32.587719 39.542755 1.000000
37011 34.549347 -33.449776 38.838421 1.000000
37012 34.881767 -34.373344 38.388508 1.000000
37013 34.432442 -35.278156 38.528755 1.000000
37014 34.060745 -36.064014 38.779224 1.000000
37015 33.597473 -36.856052 39.001266 1.000000
37016 39.809368 -32.546825 53.984802 1.000000
37017 38.789078 -32.679119 52.489281 1.000000
37018 37.920246 -32.879936 51.254669 1.000000
37019 36.649780 -33.753922 52.101154 1.000000
37020 36.838299 -33.411171 51.107018 1.000000
37021 37.062061 -33.081799 50.145191 1.000000
37022 36.174362 -33.242790 48.910713 1.000000
37023 35.078804 -33.247982 47.377586 1.000000
37024 34.136654 -33.274506 45.987751 1.000000
37025 32.457905 -35.706593 50.921246 1.000000
37026 32.815594 -35.324314 50.115738 1.000000
37027 32.898880 -34.907238 49.173828 1.000000
37028 31.112326 -35.769341 47.846973 1.000000
37029 32.056580 -35.095592 47.978886 1.000000
37030 32.973457 -34.494488 48.128254 1.000000
37031 33.050285 -34.138683 46.959358 1.000000
37032 33.204636 -33.766869 45.856880 1.000000
37033 33.320415 -33.359196 44.698723 1.000000
37034 32.731163 -33.603436 43.582870 1.000000
37035 32.315578 -34.108871 42.547771 1.000000
37036 32.136066 -34.800163 41.579353 1.000000
37037 31.142963 -36.054947 42.693184 1.000000
37038 31.609684 -35.731026 41.735142 1.000000
37039 32.292931 -35.455673 40.809757 1.000000
37040 32.553734 -36.219387 40.225441 1.000000
37041 32.862804 -37.003464 39.695160 1.000000
37042 33.135445 -37.710133 39.148598 1.000000
37043 32.552616 -38.446785 39.275375 1.000000
37044 32.030632 -39.274090 39.293385 1.000000
37045 31.576303 -40.149315 39.597843 1.000000
37046 30.966028 -39.951225 41.558308 1.000000
37047 31.045496 -40.547482 40.730736 1.000000
37048 31.274029 -41.048500 39.902367 1.000000
37049 31.228580 -41.878399 40.417900 1.000000
37052 30.775818 -41.296074 45.640606 1.000000
37053 31.007679 -41.996117 45.255447 1.000000
37054 31.053888 -42.518246 44.797115 1.000000
37055 31.647394 -43.408211 46.794567 1.000000
37057 31.164448 -42.879646 44.304245 1.000000
37058 31.480957 -43.201134 43.661205 1.000000
37059 31.772863 -43.490093 42.996574 1.000000
37061 32.445274 -44.402687 42.859867 1.000000
37063 33.278175 -45.359226 43.892776 1.000000
37064 33.506237 -45.284576 46.153236 1.000000
37065 33.613140 -45.580082 45.274212 1.000000
37066 33.416439 -46.012310 44.414295 1.000000
37067 33.317848 -46.597797 44.858559 1.000000
37068 32.902180 -47.086613 45.221840 1.000000
38775 29.599422 -48.813332 44.125648 1.000000
38776 28.995203 -49.533562 43.291771 1.000000
38778 28.951794 -49.748486 44.390686 1.000000
38783 30.241938 -50.991539 50.236279 1.000000
38784 29.282461 -51.259125 48.533714 1.000000
38785 28.533718 -51.610329 46.734344 1.000000
38786 28.294132 -52.775780 46.942513 1.000000
38787 28.204136 -52.473267 45.967457 1.000000
38788 28.200525 -52.149834 45.021095 1.000000
38810 24.613483 -57.117565 48.742802 1.000000
38811 25.123035 -57.060997 48.287560 1.000000
38855 16.298021 -62.440605 62.797424 1.000000
38856 17.034113 -62.876122 61.927551 1.000000
38857 17.417551 -62.840290 60.752769 1.000000
38858 15.714778 -64.098267 59.750477 1.000000
38859 16.615961 -63.311840 59.578197 1.000000
38860 17.636786 -62.528034 59.367298 1.000000
38861 17.719296 -62.129059 57.961708 1.000000
38862 17.875776 -61.750038 56.541718 1.000000
38863 17.989740 -61.517994 55.116047 1.000000
38864 13.630980 -66.688423 54.828815 1.000000
38865 14.192696 -65.708908 54.564423 1.000000
38866 14.970781 -64.808899 54.347328 1.000000
38867 16.091322 -66.043121 52.838470 1.000000
38868 15.776690 -64.967941 53.358044 1.000000
38869 15.714740 -63.937775 54.246910 1.000000
38870 16.628979 -63.126820 54.101463 1.000000
38871 17.403465 -62.298004 53.928825 1.000000
38872 18.256130 -61.456696 53.604340 1.000000
38873 18.923910 -61.565357 52.518238 1.000000
38878 22.005133 -61.702263 50.421616 1.000000
38879 23.114017 -61.777779 49.986897 1.000000
38880 24.050028 -62.157471 49.276886 1.000000
38882 15.152334 -72.601379 49.603130 1.000000
38884 16.534790 -71.039810 49.694786 1.000000
38890 19.262308 -67.005264 48.898651 1.000000
38899 19.922844 -66.045662 48.615120 1.000000
38900 20.554075 -65.230438 48.254829 1.000000
38901 21.081028 -64.443558 47.915096 1.000000
38902 21.814138 -63.757118 47.510384 1.000000
38905 22.611137 -63.210426 47.141449 1.000000
38906 23.431555 -62.724281 46.686680 1.000000
39270 56.698090 -15.633657 32.603928 1.000000
39271 56.717041 -15.874453 31.605154 1.000000
39272 56.717541 -16.290852 30.555225 1.000000
39273 55.718422 -18.298588 30.595978 1.000000
39274 56.310017 -17.550056 30.135458 1.000000
39275 56.919212 -16.820026 29.635376 1.000000
39281 58.135628 -22.878942 27.888874 1.000000
39282 57.889965 -22.838737 28.893738 1.000000
39283 58.525948 -23.259918 28.377773 1.000000
39284 58.941589 -23.690901 27.746054 1.000000
39285 59.486126 -24.540924 27.696234 1.000000
39286 59.530560 -25.316786 27.813965 1.000000
39287 59.258991 -26.035534 28.249813 1.000000
39288 51.676403 -20.374638 34.517017 1.000000
39289 52.047749 -21.133574 33.775902 1.000000
39290 52.679756 -21.887325 33.262310 1.000000
39291 52.623802 -23.670378 34.203831 1.000000
39292 53.023449 -23.121754 33.530010 1.000000
39293 53.477978 -22.476976 32.879890 1.000000
39294 54.388802 -23.117298 32.675362 1.000000
39295 55.320801 -23.713331 32.510830 1.000000
39296 56.301960 -24.067640 32.374935 1.000000
39297 55.680706 -25.704931 38.105461 1.000000
39298 55.952553 -25.369619 37.212242 1.000000
39299 56.359131 -25.192514 36.323738 1.000000
39300 58.229145 -25.334745 37.227516 1.000000
39301 57.444977 -25.257093 36.232933 1.000000
39302 56.624535 -25.101912 35.181374 1.000000
39303 56.910789 -24.997486 34.134888 1.000000
39304 57.179939 -24.726589 33.125694 1.000000
39305 57.290016 -24.305571 32.141010 1.000000
39306 58.195934 -24.366062 31.853216 1.000000
39307 58.998970 -24.499483 31.304783 1.000000
39308 59.740131 -24.742599 30.677780 1.000000
39309 60.313366 -25.404398 32.293720 1.000000
39310 60.328350 -25.335751 31.125238 1.000000
39311 60.228718 -25.177399 30.028799 1.000000
39312 60.282051 -25.728596 29.524967 1.000000
39313 59.758778 -26.311718 29.074802 1.000000
39314 58.778053 -26.748943 28.816839 1.000000
39315 58.166901 -27.335745 29.486675 1.000000
39316 57.597351 -27.841278 30.013830 1.000000
39317 56.964832 -28.343555 30.596746 1.000000
39318 58.793724 -28.107746 31.937429 1.000000
39319 57.556885 -28.602747 31.605005 1.000000
39320 56.215454 -28.992130 31.243984 1.000000
39321 55.466026 -29.820393 31.801220 1.000000
39322 54.658325 -30.427563 32.230415 1.000000
39323 53.887817 -31.056696 32.787586 1.000000
39324 59.690845 -28.337658 36.678261 1.000000
39325 58.698669 -28.816471 36.078194 1.000000
39326 57.621288 -29.374592 35.559177 1.000000
39327 57.237103 -30.865955 36.981152 1.000000
39328 56.844307 -30.441523 36.076328 1.000000
39329 56.577587 -30.148396 35.042393 1.000000
39330 55.469738 -30.820621 34.395378 1.000000
39331 54.314919 -31.410868 33.872120 1.000000
39332 53.153603 -32.135612 33.509579 1.000000
39334 52.790710 -34.800442 33.983055 1.000000
39335 53.155792 -35.985226 33.525257 1.000000
39336 54.759724 -35.844158 34.657745 1.000000
39337 54.265236 -36.462811 33.733635 1.000000
39338 53.802055 -36.946598 32.753883 1.000000
39339 54.699268 -37.693798 31.652308 1.000000
39342 44.806313 -29.637131 38.146606 1.000000
39343 45.766743 -30.333176 38.672890 1.000000
39344 46.622185 -31.044769 39.358799 1.000000
39345 46.023720 -32.433319 40.888214 1.000000
39346 46.740604 -32.056557 40.475700 1.000000
39347 47.400230 -31.607395 40.166893 1.000000
39348 48.198208 -32.077255 41.018448 1.000000
39349 49.055359 -32.409309 41.977993 1.000000
39350 49.995598 -32.626961 42.922112 1.000000
39358 50.071922 -33.299999 44.306633 1.000000
39359 50.917858 -32.774338 43.809189 1.000000
39360 51.754047 -32.897896 44.695000 1.000000
39361 52.729248 -32.830631 45.506599 1.000000
39362 53.670361 -32.747261 46.192406 1.000000
39363 52.977882 -34.754204 47.853699 1.000000
39364 53.766399 -33.889732 47.341862 1.000000
39365 54.552818 -32.712196 46.606636 1.000000
39366 55.378399 -32.624157 46.625809 1.000000
39367 56.180458 -32.635918 46.347618 1.000000
39368 56.889954 -32.643848 45.784676 1.000000
39376 52.101601 -40.692867 44.053425 1.000000
39377 52.682384 -40.122898 45.090660 1.000000
39380 53.973450 -43.304802 42.626728 1.000000
39381 54.623585 -42.496826 41.504093 1.000000
39382 54.456352 -42.701511 42.737007 1.000000
39383 53.905396 -42.759731 43.593494 1.000000
39384 53.625774 -41.955620 44.386414 1.000000
39386 53.352894 -39.564568 45.942402 1.000000
39388 54.646233 -37.996937 46.960106 1.000000
39389 55.125500 -37.140625 46.898674 1.000000
39390 55.672810 -38.187145 44.866814 1.000000
39391 55.643578 -37.280636 45.909615 1.000000
39392 55.515045 -36.221611 46.601063 1.000000
39393 55.961525 -35.078556 46.101555 1.000000
39394 56.587852 -33.962444 45.509277 1.000000
39395 57.408283 -32.772545 44.766533 1.000000
39396 57.796448 -32.924122 43.525696 1.000000
39397 57.959301 -33.240593 42.244728 1.000000
39398 58.336414 -33.734753 41.122471 1.000000
39399 57.434612 -35.568401 40.456554 1.000000
39400 58.180859 -34.917023 40.219658 1.000000
39401 58.845924 -34.317268 40.136902 1.000000
39402 59.485298 -34.898758 39.113312 1.000000
39406 59.621899 -39.257587 36.233692 1.000000
39414 60.279457 -36.332996 34.791965 1.000000
39415 59.904381 -36.799736 33.648613 1.000000
39416 59.508442 -37.198376 32.531654 1.000000
